"word"	"total"	"0"	"1"	"2"	"3"	"4"	"5"	"6"	"7"	"8"	"9"	"10"	"11"	"12"	"13"	"14"	"15"	"16"	"17"	"18"	"19"	"20"	"21"	"22"	"23"
"BACKGROUND"	3674702	0	0	0	0	0	0	5914	50540	212052	298202	327789	267865	224168	158376	149572	210890	255529	279276	370821	355249	314664	164955	28202	638
"aboard"	44	0	0	0	0	0	0	0	0	1	0	9	4	3	1	0	3	6	2	10	2	2	1	0	0
"accident"	71	0	0	0	0	0	0	0	1	5	5	5	6	4	1	2	6	7	6	5	6	8	2	1	1
"again"	2212	0	0	0	0	0	0	1	6	47	115	264	153	91	121	118	163	198	209	223	202	175	111	15	0
"airplane"	120	0	0	0	0	0	0	0	1	1	3	18	9	4	16	0	13	21	10	4	14	4	2	0	0
"album"	12	0	0	0	0	0	0	0	1	1	0	1	0	1	0	0	0	3	0	0	1	3	1	0	0
"alexander"	4	0	0	0	0	0	0	0	0	0	0	0	0	0	0	0	1	1	0	1	1	0	0	0	0
"NANNYNAME"	355	0	0	0	0	0	0	0	0	2	10	27	25	27	43	19	10	30	28	58	46	23	7	0	0
"all"	3414	0	0	0	0	0	0	9	40	140	100	299	253	174	205	186	284	269	273	339	309	306	189	38	1
"alligator"	20	0	0	0	0	0	0	0	0	0	6	0	0	0	0	1	1	5	3	1	1	0	2	0	0
"alright"	3109	0	0	0	0	0	0	0	33	107	189	262	230	230	165	151	218	275	265	380	285	176	114	29	0
"am"	724	0	0	0	0	0	0	14	12	12	28	58	68	17	56	75	44	52	66	46	43	105	25	2	1
"ambulance"	82	0	0	0	0	0	0	0	0	2	12	11	5	2	0	0	3	3	10	2	20	9	2	1	0
"an"	2020	0	0	0	0	0	0	2	32	122	226	185	106	87	71	53	81	148	139	210	228	207	105	17	1
"and"	23956	0	0	0	0	0	0	24	182	994	1494	2291	1749	1213	1119	1104	1710	1926	1707	2153	2423	2260	1316	288	3
"animal"	437	0	0	0	0	0	0	0	5	26	21	46	37	28	15	29	46	44	26	36	45	19	13	1	0
"another"	1241	0	0	0	0	0	0	1	23	57	121	118	118	50	25	41	61	86	85	137	132	117	56	13	0
"answer"	210	0	0	0	0	0	0	0	8	11	19	12	16	32	12	6	11	17	22	13	17	11	2	1	0
"ant"	55	0	0	0	0	0	0	0	0	0	2	12	7	2	2	2	3	5	5	3	7	2	2	1	0
"any"	2309	0	0	0	0	0	0	1	14	103	203	215	152	242	76	92	89	137	178	224	230	216	110	27	0
"apple"	192	0	0	0	0	0	0	0	1	1	10	30	17	9	13	9	10	18	16	14	24	12	5	3	0
"around"	1464	0	0	0	0	0	0	0	7	82	127	134	114	62	31	55	78	82	121	124	173	172	87	15	0
"away"	2235	0	0	0	0	0	0	2	11	120	146	167	164	106	102	65	155	168	199	192	236	203	178	21	0
"awesome"	52	0	0	0	0	0	0	0	0	0	1	3	7	4	4	2	1	4	3	6	2	9	6	0	0
"baby"	2616	0	0	0	0	0	0	0	23	123	200	177	223	158	162	152	253	152	239	212	207	206	102	27	0
"back"	1861	0	0	0	0	0	0	0	19	88	122	177	168	86	80	78	96	117	169	170	177	172	117	24	1
"bad"	660	0	0	0	0	0	0	0	3	25	52	42	48	31	20	20	36	49	64	69	71	70	41	19	0
"bag"	594	0	0	0	0	0	0	0	5	34	44	53	24	166	18	16	15	35	41	46	41	31	18	7	0
"bagel"	18	0	0	0	0	0	0	0	0	1	2	10	0	1	0	0	2	0	0	0	2	0	0	0	0
"balloon"	283	0	0	0	0	0	0	0	0	3	5	44	16	1	2	0	37	64	31	37	13	10	11	9	0
"bambi"	40	0	0	0	0	0	0	0	0	0	14	3	0	0	0	0	0	1	6	1	5	8	2	0	0
"banana"	488	0	0	0	0	0	0	0	3	17	33	20	20	40	11	6	65	77	21	29	100	34	10	2	0
"barney"	453	0	0	0	0	0	0	0	0	8	13	62	19	0	1	6	81	49	78	53	57	26	0	0	0
"basket"	216	0	0	0	0	0	0	0	0	13	8	21	34	1	3	2	12	28	42	8	20	16	8	0	0
"basketball"	57	0	0	0	0	0	0	0	0	4	0	4	8	0	2	0	6	9	8	1	6	5	3	1	0
"bath"	86	0	0	0	0	0	0	0	1	2	7	8	2	0	0	3	0	2	1	2	3	18	35	2	0
"bathroom"	208	0	0	0	0	0	0	0	2	9	27	20	13	4	3	2	7	13	21	23	21	19	20	3	1
"battery"	123	0	0	0	0	0	0	0	0	3	6	11	7	6	3	4	3	5	21	13	2	27	11	1	0
"be"	4229	0	0	0	0	0	0	10	26	144	251	385	272	196	183	195	250	278	368	469	465	413	274	49	1
"beach"	93	0	0	0	0	0	0	0	0	9	3	9	14	13	6	5	5	4	4	7	9	0	5	0	0
"bead"	34	0	0	0	0	0	0	0	1	0	10	1	2	0	0	0	0	0	9	7	1	1	2	0	0
"bear"	976	0	0	0	0	0	0	0	7	43	9	82	136	61	102	89	71	87	84	72	40	16	42	35	0
"beautiful"	682	0	0	0	0	0	0	2	9	39	75	54	64	47	22	48	47	52	50	61	41	32	35	4	0
"bed"	339	0	0	0	0	0	0	0	0	9	8	26	13	31	24	19	45	10	10	37	21	27	38	20	1
"bee"	271	0	0	0	0	0	0	0	1	1	6	56	24	22	9	11	25	8	39	21	18	17	13	0	0
"been"	1258	0	0	0	0	0	0	0	10	52	106	123	74	57	33	21	51	80	76	151	150	169	79	26	0
"beep"	537	0	0	0	0	0	0	0	0	34	40	63	20	1	0	11	6	20	24	107	121	69	21	0	0
"beginning"	151	0	0	0	0	0	0	0	0	4	9	15	10	10	4	5	5	14	17	14	30	11	2	1	0
"behind"	213	0	0	0	0	0	0	0	3	9	10	13	22	13	3	10	10	18	19	24	21	17	18	3	0
"bell"	116	0	0	0	0	0	0	0	0	6	24	7	10	13	0	1	27	0	10	1	9	3	5	0	0
"bib"	99	0	0	0	0	0	0	0	3	7	9	11	6	0	0	0	8	6	1	3	26	13	6	0	0
"bicycle"	187	0	0	0	0	0	0	0	0	4	5	19	28	1	2	4	18	59	9	16	10	4	1	7	0
"big"	2523	0	0	0	0	0	0	0	12	117	213	226	200	117	109	108	174	234	252	201	196	209	135	20	0
"bike"	167	0	0	0	0	0	0	0	1	31	14	12	13	4	10	11	8	11	4	5	18	19	1	5	0
"bird"	1287	0	0	0	0	0	0	0	11	77	181	102	102	59	32	80	105	193	99	51	107	53	19	16	0
"bit"	1646	0	0	0	0	0	0	6	19	83	129	155	92	68	44	45	95	109	121	170	250	178	64	18	0
"bite"	603	0	0	0	0	0	0	0	1	19	55	69	67	24	9	5	65	49	52	40	98	41	6	3	0
"black"	567	0	0	0	0	0	0	0	5	66	37	59	26	21	19	11	46	74	26	59	35	33	24	26	0
"blanket"	16	0	0	0	0	0	0	0	0	0	0	0	1	0	0	1	0	0	0	4	0	3	7	0	0
"blankie"	13	0	0	0	0	0	0	0	0	0	0	0	1	0	1	0	2	2	0	4	0	3	0	0	0
"blue"	702	0	0	0	0	0	0	0	13	25	75	65	58	28	48	42	81	66	43	38	36	26	26	32	0
"boat"	439	0	0	0	0	0	0	3	7	10	17	30	33	17	31	59	34	42	18	26	65	18	26	3	0
"body"	165	0	0	0	0	0	0	0	4	10	5	20	17	14	1	5	11	6	18	11	9	26	7	1	0
"booger"	32	0	0	0	0	0	0	0	1	3	2	2	0	0	1	3	0	1	2	6	3	7	1	0	0
"boogie"	5	0	0	0	0	0	0	0	0	1	0	0	0	1	0	0	0	0	0	0	0	3	0	0	0
"book"	528	0	0	0	0	0	0	6	23	24	16	36	46	36	45	44	58	20	33	30	39	20	34	18	0
"boom"	254	0	0	0	0	0	0	0	1	0	4	44	21	0	18	29	11	8	43	14	15	23	23	0	0
"bottle"	234	0	0	0	0	0	0	0	5	13	24	29	11	10	11	32	12	10	15	10	14	25	11	2	0
"bounce"	178	0	0	0	0	0	0	0	0	2	2	6	19	0	3	10	0	25	16	33	13	46	3	0	0
"bowl"	159	0	0	0	0	0	0	0	8	16	5	10	16	11	8	8	6	8	6	17	8	18	6	8	0
"box"	242	0	0	0	0	0	0	7	0	13	16	9	24	3	21	35	15	16	8	17	18	33	7	0	0
"boy"	2956	0	0	0	0	0	0	0	21	151	226	251	185	254	122	136	154	269	245	273	284	217	140	28	0
"bracelet"	42	0	0	0	0	0	0	0	0	3	0	5	3	2	0	2	0	7	6	4	6	2	2	0	0
"bread"	227	0	0	0	0	0	0	0	0	5	24	26	7	3	16	7	10	10	6	33	38	37	3	2	0
"break"	399	0	0	0	0	0	0	1	4	14	25	34	26	21	20	13	27	44	40	25	42	36	21	6	0
"breakfast"	195	0	0	0	0	0	0	0	4	35	60	49	16	5	0	2	1	4	2	4	7	3	2	1	0
"bridge"	73	0	0	0	0	0	0	0	0	4	7	0	3	3	0	0	1	3	5	7	18	21	0	1	0
"bring"	1293	0	0	0	0	0	0	0	14	63	110	99	144	55	37	47	66	128	150	106	90	104	76	4	0
"brother"	103	0	0	0	0	0	0	0	1	5	8	12	2	9	3	8	16	8	3	9	6	7	6	0	0
"brown"	348	0	0	0	0	0	0	0	0	37	10	33	10	9	12	18	46	30	11	10	47	29	24	22	0
"brush"	375	0	0	0	0	0	0	0	1	7	25	63	14	12	7	12	76	48	38	14	13	15	18	12	0
"bubble"	97	0	0	0	0	0	0	0	1	0	4	1	4	2	0	2	17	8	11	2	23	4	8	10	0
"buddy"	119	0	0	0	0	0	0	0	1	3	4	7	1	2	9	17	1	9	8	10	20	20	6	1	0
"bug"	81	0	0	0	0	0	0	0	7	5	0	10	13	0	3	4	3	3	3	16	6	3	5	0	0
"buggy"	18	0	0	0	0	0	0	0	0	1	12	0	2	0	0	0	0	0	0	1	1	0	1	0	0
"bum"	88	0	0	0	0	0	0	0	0	2	3	6	8	1	2	10	16	1	1	4	11	9	14	0	0
"bump"	41	0	0	0	0	0	0	0	0	2	0	2	6	8	3	4	7	0	0	3	0	3	3	0	0
"bun"	14	0	0	0	0	0	0	0	0	0	0	0	0	0	1	0	0	0	0	11	0	1	1	0	0
"bunny"	161	0	0	0	0	0	0	0	2	9	11	28	12	14	3	2	21	15	15	9	2	8	10	0	0
"burp"	187	0	0	0	0	0	0	0	0	9	10	13	32	7	10	4	11	9	19	19	12	17	15	0	0
"bus"	36	0	0	0	0	0	0	0	1	1	1	5	0	0	2	7	5	0	0	5	0	3	3	3	0
"but"	10090	0	0	0	0	0	0	14	92	503	782	969	727	549	458	326	422	511	680	1109	1274	1060	537	76	1
"butter"	137	0	0	0	0	0	0	0	0	6	19	8	10	3	1	1	9	8	9	8	24	28	2	1	0
"butterfly"	279	0	0	0	0	0	0	0	1	4	22	37	4	7	5	13	21	26	44	20	36	26	13	0	0
"button"	846	0	0	0	0	0	0	0	3	22	54	110	110	29	59	10	65	25	128	93	52	53	17	16	0
"by"	1267	0	0	0	0	0	0	3	8	49	86	106	91	68	33	52	77	71	112	122	148	153	74	13	1
"bye"	2271	0	0	0	0	0	0	0	2	14	82	208	199	141	252	123	206	161	231	280	186	121	61	4	0
"caboose"	25	0	0	0	0	0	0	0	0	6	0	2	5	0	2	0	0	0	0	2	3	1	4	0	0
"cake"	334	0	0	0	0	0	0	0	3	27	16	19	28	11	5	7	11	29	52	13	30	54	29	0	0
"camel"	75	0	0	0	0	0	0	0	0	11	5	11	0	2	1	0	1	5	12	15	3	9	0	0	0
"camera"	142	0	0	0	0	0	0	0	6	4	5	11	13	4	18	1	4	16	14	19	12	10	5	0	0
"can"	14787	0	0	0	0	0	0	39	257	881	1271	1298	1089	655	495	551	751	950	1172	1499	1566	1451	749	112	1
"candy"	179	0	0	0	0	0	0	0	0	0	32	16	7	3	1	3	25	43	22	5	12	8	2	0	0
"car"	594	0	0	0	0	0	0	6	7	3	2	16	95	22	49	96	40	36	55	97	28	12	28	2	0
"careful"	889	0	0	0	0	0	0	1	6	15	31	69	93	42	34	51	52	78	117	92	73	88	43	4	0
"carpet"	23	0	0	0	0	0	0	0	0	0	1	0	1	0	0	9	1	0	3	3	3	1	1	0	0
"carrot"	67	0	0	0	0	0	0	0	0	1	1	4	2	7	5	5	20	6	1	4	6	5	0	0	0
"cat"	596	0	0	0	0	0	0	0	10	67	14	62	60	12	79	15	81	45	33	30	28	18	25	17	0
"catch"	541	0	0	0	0	0	0	0	2	6	6	34	85	16	16	92	27	10	67	76	44	27	21	12	0
"cell"	131	0	0	0	0	0	0	0	0	6	5	15	9	8	9	9	7	7	11	13	10	4	17	1	0
"cereal"	398	0	0	0	0	0	0	0	14	30	39	98	50	17	25	2	3	8	22	27	31	20	5	7	0
"chair"	382	0	0	0	0	0	0	0	0	12	18	38	27	19	24	21	28	21	54	30	36	31	16	7	0
"change"	1370	0	0	0	0	0	0	0	13	62	76	134	101	118	48	63	143	125	103	145	97	84	47	10	1
"chase"	74	0	0	0	0	0	0	0	3	3	5	7	6	10	3	2	2	5	4	7	4	8	3	2	0
"check"	429	0	0	0	0	0	0	0	7	18	47	40	23	17	8	12	14	21	28	47	58	46	40	3	0
"cheerios"	26	0	0	0	0	0	0	0	0	0	2	6	4	1	0	0	4	3	0	4	0	2	0	0	0
"cheese"	318	0	0	0	0	0	0	0	0	11	38	58	17	5	2	15	8	13	32	27	48	30	5	9	0
"cherry"	112	0	0	0	0	0	0	0	0	2	22	7	4	9	0	1	4	4	5	14	15	17	8	0	0
"chew"	373	0	0	0	0	0	0	0	0	6	27	43	21	28	11	9	11	38	29	72	44	33	1	0	0
"chick"	227	0	0	0	0	0	0	0	5	6	6	0	6	3	0	15	11	78	2	8	75	7	5	0	0
"chicken"	715	0	0	0	0	0	0	0	0	19	21	48	45	10	20	58	64	81	50	44	131	85	37	2	0
"chip"	167	0	0	0	0	0	0	0	1	0	18	36	5	0	2	10	17	19	16	14	15	13	1	0	0
"chocolate"	118	0	0	0	0	0	0	0	2	4	7	7	5	1	0	8	3	7	12	10	16	19	17	0	0
"chug"	236	0	0	0	0	0	0	0	0	0	4	23	5	8	22	0	50	19	3	69	20	5	8	0	0
"cinderella"	114	0	0	0	0	0	0	0	0	15	8	21	7	21	1	0	1	4	11	15	1	1	8	0	0
"circle"	272	0	0	0	0	0	0	2	2	8	15	37	36	1	18	23	11	21	32	20	17	21	8	0	0
"circus"	38	0	0	0	0	0	0	0	0	0	1	4	8	0	2	1	2	7	0	2	5	6	0	0	0
"clam"	68	0	0	0	0	0	0	0	0	0	1	0	0	2	0	21	44	0	0	0	0	0	0	0	0
"clean"	1310	0	0	0	0	0	0	0	8	30	65	134	115	107	59	52	108	133	126	96	70	104	85	18	0
"climb"	147	0	0	0	0	0	0	1	0	11	9	24	16	3	3	3	9	4	8	16	8	13	15	4	0
"clock"	490	0	0	0	0	0	0	0	0	8	12	76	26	15	46	12	42	17	47	48	106	20	11	4	0
"close"	1056	0	0	0	0	0	0	0	1	21	42	79	72	75	52	57	87	63	133	115	125	79	45	10	0
"cloth"	136	0	0	0	0	0	0	0	0	8	8	18	20	10	3	6	8	2	11	12	7	8	14	1	0
"clothes"	520	0	0	0	0	0	0	0	0	9	58	147	59	21	8	23	25	51	33	23	21	23	19	0	0
"cloud"	106	0	0	0	0	0	0	0	0	1	2	6	1	3	7	2	22	32	12	8	3	2	4	1	0
"coffee"	290	0	0	0	0	0	0	0	8	40	72	44	35	21	3	5	6	18	5	4	18	9	2	0	0
"coke"	39	0	0	0	0	0	0	0	2	0	3	4	1	0	2	5	4	3	1	0	3	7	2	2	0
"cold"	304	0	0	0	0	0	0	0	8	19	11	24	22	12	17	12	16	24	27	27	26	44	13	2	0
"color"	420	0	0	0	0	0	0	0	3	9	20	41	40	18	11	18	43	66	22	60	34	20	12	3	0
"comb"	74	0	0	0	0	0	0	0	0	4	3	25	5	2	3	0	11	0	2	0	0	2	3	14	0
"come"	12705	0	0	0	0	0	0	6	96	459	716	1268	1201	810	614	706	788	1001	1445	1212	830	904	549	98	2
"cook"	152	0	0	0	0	0	0	0	0	1	5	7	5	9	0	3	8	11	22	40	21	19	1	0	0
"cookie"	459	0	0	0	0	0	0	0	0	20	27	38	38	49	0	5	10	40	82	106	18	12	11	3	0
"cool"	586	0	0	0	0	0	0	0	7	23	21	46	51	53	29	28	59	35	50	77	34	44	23	6	0
"couch"	165	0	0	0	0	0	0	1	0	2	9	22	16	10	8	10	2	11	12	11	17	22	10	2	0
"count"	264	0	0	0	0	0	0	0	1	6	11	28	38	24	11	14	29	27	24	20	17	8	4	2	0
"cow"	989	0	0	0	0	0	0	0	6	19	12	107	91	52	96	124	146	60	57	110	40	42	20	7	0
"crab"	41	0	0	0	0	0	0	0	1	13	0	1	2	10	2	1	3	2	1	2	2	1	0	0	0
"cracker"	70	0	0	0	0	0	0	0	0	0	5	11	0	1	0	0	0	16	8	2	11	8	3	5	0
"crayon"	44	0	0	0	0	0	0	0	0	0	11	1	2	0	1	3	0	3	7	5	8	1	2	0	0
"crazy"	1486	0	0	0	0	0	0	2	8	47	79	149	136	80	81	98	93	109	143	145	109	123	72	12	0
"cream"	1215	0	0	0	0	0	0	0	0	18	70	155	46	15	10	31	62	213	128	119	110	116	106	16	0
"crib"	117	0	0	0	0	0	0	0	2	8	9	9	9	13	2	4	9	3	1	24	6	6	12	0	0
"crocodile"	29	0	0	0	0	0	0	0	2	3	3	3	9	1	1	0	1	1	1	0	1	3	0	0	0
"cry"	376	0	0	0	0	0	0	0	3	36	25	25	25	33	18	23	33	28	33	36	30	17	8	3	0
"crying"	528	0	0	0	0	0	0	0	7	25	25	48	56	46	15	33	52	56	51	40	27	33	12	2	0
"cup"	204	0	0	0	0	0	0	0	4	17	2	11	17	5	12	13	8	23	16	11	15	26	24	0	0
"cushion"	19	0	0	0	0	0	0	0	0	0	6	0	2	0	0	1	0	3	2	1	1	2	1	0	0
"cut"	245	0	0	0	0	0	0	0	2	6	12	21	12	6	5	17	8	4	25	42	35	31	15	4	0
"cyprus"	22	0	0	0	0	0	0	0	0	1	0	2	1	1	1	1	1	2	3	5	0	4	0	0	0
"daddy"	3033	0	0	0	0	0	0	0	25	96	188	279	179	175	248	111	145	303	187	291	285	337	163	20	1
"dance"	271	0	0	0	0	0	0	0	1	13	14	25	22	11	4	5	11	10	27	26	23	38	37	4	0
"dangle"	2	0	0	0	0	0	0	0	0	0	1	0	0	1	0	0	0	0	0	0	0	0	0	0	0
"dark"	224	0	0	0	0	0	0	7	0	7	2	9	21	29	18	12	37	10	14	15	22	14	3	4	0
"CHILDNAME"	16140	0	0	0	0	0	0	14	114	374	645	1387	1181	1018	1181	927	1066	1342	1683	1654	1298	1268	788	186	14
"day"	1732	0	0	0	0	0	0	0	6	75	145	180	118	68	51	42	70	95	114	226	204	184	130	24	0
"dear"	154	0	0	0	0	0	0	0	1	6	14	14	7	9	2	1	14	11	13	23	27	7	4	1	0
"deck"	30	0	0	0	0	0	0	0	0	1	3	2	4	7	0	3	0	2	5	0	1	2	0	0	0
"deer"	32	0	0	0	0	0	0	0	0	1	8	2	1	0	3	0	0	5	3	1	2	2	0	4	0
"delicious"	115	0	0	0	0	0	0	0	0	1	6	5	2	1	6	0	8	4	6	8	34	31	2	1	0
"diamond"	122	0	0	0	0	0	0	0	0	4	6	1	29	11	4	4	9	4	26	12	1	9	2	0	0
"diaper"	1465	0	0	0	0	0	0	0	25	108	91	129	83	88	44	70	125	109	115	168	105	107	79	19	0
"did"	9409	0	0	0	0	0	0	4	62	395	619	921	697	449	285	340	670	800	817	1005	990	903	388	61	3
"different"	787	0	0	0	0	0	0	2	2	49	68	75	45	32	11	26	37	53	59	71	108	108	35	6	0
"dinner"	721	0	0	0	0	0	0	0	0	12	25	35	16	9	5	18	34	36	34	140	232	95	29	1	0
"dinosaur"	104	0	0	0	0	0	0	0	0	1	11	7	1	0	0	3	2	7	56	2	10	3	1	0	0
"dirty"	312	0	0	0	0	0	0	0	0	9	26	39	35	16	4	12	17	30	23	38	18	29	14	2	0
"dish"	310	0	0	0	0	0	0	0	2	23	19	26	11	5	19	17	30	38	21	17	48	30	4	0	0
"do"	26881	0	0	0	0	0	0	50	225	939	1740	2422	1913	1160	1163	1178	1771	2253	2493	2640	2783	2487	1331	317	16
"dog"	1338	0	0	0	0	0	0	0	11	17	29	123	106	81	190	86	169	95	98	110	116	57	28	22	0
"doing"	3713	0	0	0	0	0	0	2	21	132	255	318	274	144	152	133	201	294	355	402	394	405	202	29	0
"doll"	15	0	0	0	0	0	0	0	1	3	0	1	1	1	0	1	0	1	0	2	0	1	3	0	0
"dolphin"	79	0	0	0	0	0	0	0	0	0	0	14	16	14	9	1	3	4	4	11	3	0	0	0	0
"done"	1457	0	0	0	0	0	0	2	13	34	27	116	99	65	86	87	114	202	154	106	124	122	92	14	0
"donkey"	50	0	0	0	0	0	0	0	0	8	2	1	0	2	1	3	7	9	5	8	2	2	0	0	0
"door"	264	0	0	0	0	0	0	0	1	3	18	23	23	25	7	10	27	32	9	26	20	18	17	5	0
"dough"	42	0	0	0	0	0	0	0	0	0	2	0	3	0	2	0	0	1	2	22	5	3	1	1	0
"down"	2168	0	0	0	0	0	0	2	13	86	130	182	178	132	94	95	162	149	167	203	220	191	125	37	2
"downstairs"	454	0	0	0	0	0	0	0	3	10	20	40	52	16	22	11	20	45	62	51	43	34	20	5	0
"draw"	197	0	0	0	0	0	0	0	3	11	14	9	21	8	3	1	0	21	8	22	30	31	13	2	0
"dream"	458	0	0	0	0	0	0	0	6	27	22	26	36	44	36	29	100	15	15	11	20	11	30	30	0
"drink"	869	0	0	0	0	0	0	0	9	44	83	74	44	59	39	30	64	48	96	100	83	66	21	9	0
"drive"	790	0	0	0	0	0	0	1	1	35	34	77	91	32	54	36	45	42	117	69	52	73	27	4	0
"drum"	130	0	0	0	0	0	0	0	0	3	3	20	7	2	9	6	8	10	8	17	24	8	2	1	2
"dry"	168	0	0	0	0	0	0	0	1	16	13	24	12	14	6	3	8	6	12	11	15	15	8	4	0
"duck"	240	0	0	0	0	0	0	0	5	24	2	11	1	5	7	14	71	1	7	15	17	29	5	26	0
"dude"	3915	0	0	0	0	0	0	0	7	50	118	458	403	266	280	307	399	387	467	432	162	111	62	6	0
"dumbo"	2	0	0	0	0	0	0	0	0	0	0	0	0	1	0	0	0	0	0	0	1	0	0	0	0
"dump"	66	0	0	0	0	0	0	0	0	14	6	3	2	1	3	1	5	4	3	4	10	7	3	0	0
"dvd"	37	0	0	0	0	0	0	0	0	0	4	1	2	0	0	9	0	1	0	4	13	3	0	0	0
"ear"	483	0	0	0	0	0	0	0	20	17	27	27	38	34	7	33	31	38	50	49	33	54	20	5	0
"eat"	7082	0	0	0	0	0	0	19	65	196	428	552	538	305	279	405	688	633	659	893	834	451	120	17	0
"egg"	380	0	0	0	0	0	0	12	8	4	14	39	39	13	20	59	42	10	18	27	35	27	10	3	0
"elephant"	399	0	0	0	0	0	0	0	8	38	23	36	53	13	10	24	38	7	34	24	40	27	20	4	0
"SISTERNAME"	99	0	0	0	0	0	0	0	17	8	4	3	9	0	1	1	1	28	8	8	8	2	1	0	0
"elmo"	110	0	0	0	0	0	0	0	0	6	7	37	8	3	0	2	7	0	4	22	12	1	1	0	0
"else"	1378	0	0	0	0	0	0	0	4	63	107	121	99	56	51	66	88	102	120	167	160	110	56	8	0
"empty"	198	0	0	0	0	0	0	0	0	12	8	18	17	3	4	8	26	12	19	27	18	18	8	0	0
"end"	490	0	0	0	0	0	0	0	0	17	35	42	26	19	37	16	25	26	26	67	57	60	33	3	1
"engine"	67	0	0	0	0	0	0	0	0	11	12	3	3	2	2	2	3	2	0	11	7	2	3	4	0
"explosion"	11	0	0	0	0	0	0	0	0	0	2	0	0	3	0	0	0	4	1	1	0	0	0	0	0
"eye"	520	0	0	0	0	0	0	0	16	9	53	38	21	43	44	28	62	11	23	39	35	49	26	23	0
"fall"	365	0	0	0	0	0	0	1	4	16	22	12	32	29	14	21	35	26	32	39	29	32	18	2	1
"far"	521	0	0	0	0	0	0	0	1	24	38	38	41	24	24	23	35	30	27	57	57	47	52	3	0
"farm"	1062	0	0	0	0	0	0	0	0	28	122	88	92	35	4	35	95	127	75	89	221	13	37	1	0
"fast"	654	0	0	0	0	0	0	0	2	36	68	45	43	30	65	23	82	62	34	43	45	49	24	2	1
"fell"	741	0	0	0	0	0	0	0	5	35	64	52	57	44	36	31	65	79	61	56	69	56	27	4	0
"fiddle"	198	0	0	0	0	0	0	0	0	11	0	20	13	8	21	10	37	12	13	18	22	12	1	0	0
"fight"	76	0	0	0	0	0	0	0	0	5	6	5	1	6	1	9	5	8	3	5	4	10	7	1	0
"find"	1632	0	0	0	0	0	0	0	11	56	96	166	136	79	71	71	86	117	196	165	169	142	62	8	1
"finger"	418	0	0	0	0	0	0	0	4	14	18	38	27	27	11	18	33	39	48	53	27	38	14	9	0
"fire"	378	0	0	0	0	0	0	0	5	27	17	56	26	10	11	2	22	53	20	26	42	29	21	9	2
"firetruck"	21	0	0	0	0	0	0	0	0	0	0	7	1	0	0	0	0	3	5	0	2	2	1	0	0
"firework"	11	0	0	0	0	0	0	0	0	0	0	0	1	4	0	0	0	0	0	1	0	3	2	0	0
"fish"	630	0	0	0	0	0	0	0	10	58	52	55	27	25	35	63	120	37	41	43	1	17	22	24	0
"five"	2805	0	0	0	0	0	0	0	1	81	174	239	204	137	165	144	183	226	339	281	262	243	115	11	0
"fix"	195	0	0	0	0	0	0	0	5	7	19	17	26	7	5	6	9	13	9	20	18	20	14	0	0
"floor"	496	0	0	0	0	0	0	0	2	16	49	35	44	19	10	33	37	43	70	45	47	34	11	1	0
"flower"	918	0	0	0	0	0	0	0	3	7	34	81	108	37	76	54	110	93	95	96	57	39	21	7	0
"fly"	330	0	0	0	0	0	0	2	22	16	29	39	6	14	26	12	20	16	46	20	19	32	10	1	0
"food"	829	0	0	0	0	0	0	0	6	23	40	68	62	51	52	33	59	66	58	88	104	87	29	3	0
"found"	795	0	0	0	0	0	0	0	12	44	66	92	54	46	21	27	52	66	59	88	78	52	35	3	0
"four"	2242	0	0	0	0	0	0	1	1	55	118	210	186	114	166	100	115	206	231	202	227	183	109	17	1
"fox"	250	0	0	0	0	0	0	8	2	8	43	9	23	14	10	58	12	12	8	14	10	15	3	1	0
"fresh"	169	0	0	0	0	0	0	0	5	13	19	22	10	5	4	6	9	9	11	14	18	20	4	0	0
"friday"	187	0	0	0	0	0	0	0	1	8	10	24	18	3	1	2	3	8	15	26	23	27	17	1	0
"frog"	1417	0	0	0	0	0	0	2	14	24	42	119	166	91	93	85	119	91	194	142	66	83	39	47	0
"full"	1137	0	0	0	0	0	0	0	5	58	102	68	60	228	27	72	50	91	72	66	101	70	42	25	0
"funnel"	1	0	0	0	0	0	0	0	0	1	0	0	0	0	0	0	0	0	0	0	0	0	0	0	0
"funny"	588	0	0	0	0	0	0	1	1	21	40	41	47	25	11	14	49	48	66	65	56	70	23	10	0
"gah"	2	0	0	0	0	0	0	0	0	0	2	0	0	0	0	0	0	0	0	0	0	0	0	0	0
"game"	242	0	0	0	0	0	0	0	3	11	25	10	17	14	7	17	17	15	18	22	29	21	14	2	0
"garage"	69	0	0	0	0	0	0	0	0	4	12	6	4	1	2	1	1	4	9	7	5	5	7	1	0
"garbage"	147	0	0	0	0	0	0	0	2	11	18	12	13	4	0	0	1	9	14	13	29	12	9	0	0
"gate"	71	0	0	0	0	0	0	0	1	5	14	11	4	6	4	1	3	4	4	3	6	3	2	0	0
"gear"	63	0	0	0	0	0	0	0	0	4	9	3	0	0	1	1	15	3	6	12	6	3	0	0	0
"george"	32	0	0	0	0	0	0	0	0	0	0	4	3	0	1	1	0	0	2	9	8	4	0	0	0
"get"	8320	0	0	0	0	0	0	0	38	335	719	830	642	289	202	288	427	607	834	871	830	855	481	71	1
"getting"	1538	0	0	0	0	0	0	3	13	90	152	131	110	75	47	24	66	82	92	172	171	189	105	15	1
"ghee"	3	0	0	0	0	0	0	0	0	2	0	0	0	0	0	1	0	0	0	0	0	0	0	0	0
"gimme"	214	0	0	0	0	0	0	0	0	2	29	28	15	20	8	2	18	12	19	14	12	8	20	7	0
"giraffe"	131	0	0	0	0	0	0	0	4	13	12	24	4	4	2	7	6	13	12	13	1	12	4	0	0
"girl"	172	0	0	0	0	0	0	0	1	16	2	13	18	13	10	16	10	8	13	17	11	7	12	5	0
"give"	3269	0	0	0	0	0	0	1	20	132	224	376	264	117	90	113	197	269	303	360	303	312	166	22	0
"glass"	304	0	0	0	0	0	0	0	0	3	41	28	10	8	2	7	15	26	29	31	39	47	6	12	0
"glider"	1	0	0	0	0	0	0	0	0	0	0	0	0	0	0	0	0	0	0	0	1	0	0	0	0
"go"	10194	0	0	0	0	0	0	10	73	214	367	877	958	782	619	753	638	596	1090	1157	831	723	412	91	3
"god"	449	0	0	0	0	0	0	0	0	8	28	43	26	19	15	14	23	27	38	57	43	63	40	4	1
"gold"	92	0	0	0	0	0	0	0	0	7	5	10	4	15	3	0	12	2	15	1	8	3	0	7	0
"gone"	315	0	0	0	0	0	0	0	5	7	27	26	16	7	8	15	18	35	20	44	35	27	16	9	0
"gonna"	9509	0	0	0	0	0	0	7	62	357	662	923	800	484	406	445	636	734	850	1042	890	752	382	74	3
"goo"	47	0	0	0	0	0	0	0	0	0	23	6	0	0	0	18	0	0	0	0	0	0	0	0	0
"good"	6335	0	0	0	0	0	0	2	56	238	258	605	454	327	363	378	462	563	649	667	579	469	221	42	2
"goodbye"	223	0	0	0	0	0	0	0	0	3	12	19	13	3	3	5	28	26	12	41	28	15	4	11	0
"goodness"	962	0	0	0	0	0	0	0	6	27	38	94	77	78	47	87	85	124	104	91	51	29	18	6	0
"goof"	22	0	0	0	0	0	0	1	1	0	10	0	1	2	1	0	0	0	1	4	0	1	0	0	0
"goon"	12	0	0	0	0	0	0	0	0	0	1	6	0	0	0	0	0	0	0	0	0	5	0	0	0
"got"	2076	0	0	0	0	0	0	2	26	89	153	171	166	80	54	100	74	115	168	198	257	265	134	23	1
"grape"	103	0	0	0	0	0	0	0	0	4	9	16	9	0	1	3	5	6	8	14	11	10	6	1	0
"gray"	58	0	0	0	0	0	0	0	0	5	3	11	2	0	9	2	7	3	5	1	3	2	4	1	0
"green"	1338	0	0	0	0	0	0	10	24	59	86	106	148	52	57	93	144	103	106	77	120	83	44	26	0
"gross"	68	0	0	0	0	0	0	0	1	3	5	5	2	1	2	1	0	11	3	8	9	12	5	0	0
"guava"	11	0	0	0	0	0	0	0	0	0	1	0	0	0	0	1	1	2	0	6	0	0	0	0	0
"gum"	41	0	0	0	0	0	0	0	0	1	0	0	2	2	0	4	0	3	14	0	5	1	9	0	0
"gunk"	7	0	0	0	0	0	0	0	2	0	3	1	0	0	0	0	0	0	0	1	0	0	0	0	0
"hair"	342	0	0	0	0	0	0	0	3	9	23	65	19	10	7	16	14	19	18	31	27	40	21	20	0
"hammer"	30	0	0	0	0	0	0	0	0	1	0	17	0	2	0	0	0	2	3	5	0	0	0	0	0
"hand"	1321	0	0	0	0	0	0	0	17	55	143	99	73	61	60	43	47	133	122	117	143	130	65	13	0
"handle"	62	0	0	0	0	0	0	0	0	4	7	6	3	2	3	1	3	3	3	10	7	8	2	0	0
"happen"	214	0	0	0	0	0	0	0	0	6	14	13	22	9	14	11	18	10	12	16	26	27	14	2	0
"happened"	911	0	0	0	0	0	0	1	11	51	78	72	52	35	17	31	62	65	64	112	110	96	50	4	0
"happy"	587	0	0	0	0	0	0	1	5	23	34	36	32	43	28	23	43	82	50	52	46	46	24	19	0
"hard"	584	0	0	0	0	0	0	0	4	20	45	56	42	21	15	21	39	43	40	61	69	57	43	8	0
"has"	2774	0	0	0	0	0	0	2	35	144	247	225	225	198	89	81	127	152	234	257	321	277	133	27	0
"hat"	83	0	0	0	0	0	0	0	2	32	1	1	1	0	16	1	2	19	3	0	0	1	2	2	0
"have"	9581	0	0	0	0	0	0	3	68	403	779	947	629	535	236	339	488	683	758	946	1140	986	521	118	2
"he"	17934	0	0	0	0	0	0	21	88	612	1258	1801	1161	531	478	447	972	995	1328	1950	2394	2387	1238	266	7
"head"	764	0	0	0	0	0	0	2	9	30	44	47	53	39	20	28	52	53	70	90	67	113	40	7	0
"heart"	239	0	0	0	0	0	0	0	6	17	5	31	16	18	11	14	26	17	20	12	19	15	11	1	0
"helicopter"	178	0	0	0	0	0	0	0	1	10	15	19	12	8	1	4	26	16	28	7	17	5	9	0	0
"hello"	2437	0	0	0	0	0	0	1	23	73	136	221	191	130	168	167	156	217	251	241	185	134	112	31	0
"help"	623	0	0	0	0	0	0	0	5	17	33	42	41	39	51	41	28	40	69	70	39	68	34	6	0
"her"	2546	0	0	0	0	0	0	10	57	112	183	251	176	244	86	57	91	155	231	294	251	218	119	11	0
"here"	15956	0	0	0	0	0	0	29	101	493	997	1443	1384	826	598	741	1181	1393	1813	1659	1298	1185	677	133	5
"hey"	1512	0	0	0	0	0	0	8	26	50	84	188	107	40	124	69	69	76	80	170	157	166	77	15	6
"hi"	2459	0	0	0	0	0	0	3	20	61	102	282	186	146	215	144	105	163	233	316	253	157	60	13	0
"hide"	371	0	0	0	0	0	0	0	4	9	29	35	30	32	13	9	12	30	35	31	27	42	22	11	0
"high"	960	0	0	0	0	0	0	1	1	23	33	75	91	68	57	90	83	92	127	82	42	62	30	3	0
"hippo"	56	0	0	0	0	0	0	0	0	4	9	5	2	0	0	0	2	1	12	3	10	2	6	0	0
"hit"	286	0	0	0	0	0	0	0	3	19	16	23	21	14	17	7	4	19	39	29	27	32	13	3	0
"hockey"	131	0	0	0	0	0	0	0	17	24	22	5	23	4	2	1	4	3	6	1	4	13	2	0	0
"hold"	1555	0	0	0	0	0	0	0	16	91	88	129	154	68	58	80	137	115	134	149	125	132	59	20	0
"home"	859	0	0	0	0	0	0	0	4	22	58	81	37	37	23	28	37	47	80	121	145	84	49	6	0
"honey"	139	0	0	0	0	0	0	0	2	5	19	11	8	3	1	2	4	8	10	18	21	14	10	3	0
"hood"	32	0	0	0	0	0	0	0	0	3	1	3	0	1	0	0	1	0	0	18	2	2	1	0	0
"hop"	101	0	0	0	0	0	0	0	0	5	24	0	3	5	3	7	20	4	1	1	1	16	11	0	0
"horn"	98	0	0	0	0	0	0	0	1	2	5	16	4	4	3	16	3	5	8	11	13	6	1	0	0
"horse"	1097	0	0	0	0	0	0	0	23	27	46	121	123	76	59	70	126	119	100	68	64	28	19	28	0
"hot"	366	0	0	0	0	0	0	0	0	11	10	28	20	23	34	12	8	8	27	35	76	42	29	3	0
"house"	842	0	0	0	0	0	0	9	0	29	69	56	114	39	38	35	83	59	54	62	55	88	41	11	0
"how"	4829	0	0	0	0	0	0	1	29	184	249	444	365	210	307	175	259	421	457	551	479	435	222	37	4
"hug"	438	0	0	0	0	0	0	0	0	22	28	75	32	22	26	31	35	29	39	46	14	29	9	1	0
"hungry"	888	0	0	0	0	0	0	10	9	35	72	72	71	64	48	45	85	52	51	118	92	37	17	10	0
"hunter"	5	0	0	0	0	0	0	0	0	0	0	0	1	1	0	0	0	1	0	0	2	0	0	0	0
"hurt"	445	0	0	0	0	0	0	0	3	14	30	46	36	20	10	14	20	25	37	61	22	51	45	11	0
"ice"	929	0	0	0	0	0	0	0	0	11	25	43	37	7	6	33	63	186	117	115	111	121	50	4	0
"if"	5824	0	0	0	0	0	0	5	59	291	535	582	375	324	215	192	238	343	384	613	742	600	288	38	0
"igloo"	11	0	0	0	0	0	0	0	0	0	11	0	0	0	0	0	0	0	0	0	0	0	0	0	0
"in"	10913	0	0	0	0	0	0	43	113	477	637	943	755	494	505	599	747	630	889	1051	1162	1065	659	141	3
"inside"	568	0	0	0	0	0	0	0	3	28	43	59	55	29	16	25	18	38	56	50	50	62	33	3	0
"is"	29303	0	0	0	0	0	0	12	176	885	1365	2948	2658	1627	1204	1557	2342	3055	3214	3040	2053	1877	1071	213	6
"it's"	14222	0	0	0	0	0	0	9	84	469	862	1318	1080	638	506	651	840	1211	1195	1536	1495	1406	801	117	4
"jacket"	43	0	0	0	0	0	0	0	1	1	8	2	7	2	0	1	3	3	6	7	2	0	0	0	0
"jean"	52	0	0	0	0	0	0	0	1	0	1	11	13	11	0	4	0	0	1	6	4	0	0	0	0
"jeep"	1	0	0	0	0	0	0	0	0	0	0	0	0	0	0	1	0	0	0	0	0	0	0	0	0
"jellyfish"	158	0	0	0	0	0	0	0	5	28	5	34	5	34	6	13	11	0	7	7	0	3	0	0	0
"job"	2572	0	0	0	0	0	0	0	24	85	103	265	258	133	132	172	217	287	289	229	165	132	77	3	1
"juice"	341	0	0	0	0	0	0	0	0	23	32	32	13	20	17	1	8	34	49	42	30	39	1	0	0
"jump"	210	0	0	0	0	0	0	0	4	5	25	23	19	32	9	17	14	7	15	19	5	10	3	3	0
"jumping"	210	0	0	0	0	0	0	0	1	2	14	12	9	27	21	14	22	17	21	20	12	9	5	4	0
"just"	11658	0	0	0	0	0	0	6	119	589	1033	1064	727	527	420	282	395	590	753	1258	1627	1473	671	117	7
"keep"	789	0	0	0	0	0	0	0	4	25	57	82	61	26	27	41	41	46	57	86	92	91	40	13	0
"key"	173	0	0	0	0	0	0	0	2	8	13	9	13	4	12	9	9	14	5	34	18	11	11	1	0
"keyboard"	33	0	0	0	0	0	0	0	1	4	6	2	1	0	0	3	1	0	2	4	1	7	1	0	0
"kick"	275	0	0	0	0	0	0	0	0	6	22	3	30	7	3	6	36	11	26	28	17	44	36	0	0
"kid"	647	0	0	0	0	0	0	0	4	18	35	75	40	17	15	29	24	42	49	51	81	104	51	12	0
"kind"	872	0	0	0	0	0	0	0	12	34	96	77	59	25	15	32	29	56	55	97	120	122	39	3	1
"kiss"	775	0	0	0	0	0	0	0	7	48	34	121	50	47	30	19	40	53	82	43	56	79	53	13	0
"kitchen"	253	0	0	0	0	0	0	0	0	8	22	22	10	10	13	9	13	19	27	41	29	24	6	0	0
"kite"	40	0	0	0	0	0	0	0	0	6	3	2	0	0	6	0	5	7	3	1	7	0	0	0	0
"kitty"	376	0	0	0	0	0	0	0	2	2	52	31	30	31	12	11	75	51	16	21	16	19	5	2	0
"know"	13543	0	0	0	0	0	0	17	176	655	1128	1268	928	657	441	483	659	846	965	1412	1594	1495	722	91	6
"krispies"	7	0	0	0	0	0	0	0	0	2	3	1	0	0	0	0	0	0	0	1	0	0	0	0	0
"ladybug"	294	0	0	0	0	0	0	0	0	13	14	23	34	1	9	12	3	45	52	17	29	42	0	0	0
"lamp"	63	0	0	0	0	0	0	0	0	0	9	1	3	1	14	5	2	8	8	2	4	4	0	2	0
"laundry"	124	0	0	0	0	0	0	0	1	1	14	16	16	9	11	11	6	5	5	7	8	6	8	0	0
"leaves"	149	0	0	0	0	0	0	0	1	3	14	21	13	10	4	5	7	12	14	10	9	15	11	0	0
"let"	10598	0	0	0	0	0	0	11	95	406	788	1133	966	606	428	490	660	862	1013	1023	901	676	457	79	4
"letter"	279	0	0	0	0	0	0	0	6	5	5	24	18	16	20	13	9	14	55	27	31	26	7	3	0
"lie"	125	0	0	0	0	0	0	0	0	6	5	8	4	7	3	10	11	9	7	9	10	20	15	1	0
"light"	934	0	0	0	0	0	0	4	12	18	66	65	56	28	41	44	78	122	115	113	48	75	35	14	0
"like"	15005	0	0	0	0	0	0	36	120	504	1114	1365	974	634	438	426	642	942	1076	1686	1922	2000	957	163	6
"lion"	292	0	0	0	0	0	0	0	20	21	29	26	12	4	5	24	16	8	35	13	23	42	10	4	0
"listen"	1030	0	0	0	0	0	0	0	23	60	60	89	65	64	99	44	99	66	67	101	65	80	42	5	1
"little"	10937	0	0	0	0	0	0	36	221	863	990	851	669	636	442	344	668	575	787	981	1119	1009	614	131	1
"living"	174	0	0	0	0	0	0	3	5	9	26	17	15	8	10	8	1	14	9	15	12	14	7	1	0
"look"	8151	0	0	0	0	0	0	6	54	246	442	762	757	399	426	516	620	724	844	719	677	558	343	57	1
"love"	2114	0	0	0	0	0	0	0	5	111	69	209	119	133	210	139	141	193	185	200	152	161	75	11	1
"macdonald"	597	0	0	0	0	0	0	0	0	9	79	53	52	10	0	25	63	71	53	36	123	8	15	0	0
"mad"	189	0	0	0	0	0	0	1	8	8	18	20	4	4	6	3	7	10	12	14	17	34	17	6	0
"make"	3574	0	0	0	0	0	0	0	40	177	276	321	256	191	123	122	182	219	258	404	448	360	162	34	1
"mama"	15	0	0	0	0	0	0	0	0	0	0	1	1	2	1	1	0	0	0	2	4	0	3	0	0
"man"	1870	0	0	0	0	0	0	1	20	89	163	191	123	67	83	77	90	117	126	158	219	191	137	18	0
"mango"	505	0	0	0	0	0	0	0	0	17	10	42	13	3	4	19	8	74	115	45	42	99	13	1	0
"many"	2626	0	0	0	0	0	0	0	15	130	165	201	189	166	83	117	252	266	274	321	182	179	73	13	0
"master"	293	0	0	0	0	0	0	0	5	23	53	14	7	47	4	19	7	18	21	20	11	19	7	18	0
"me"	9020	0	0	0	0	0	0	7	83	310	479	861	757	454	488	476	610	762	942	862	719	711	374	121	4
"mean"	1394	0	0	0	0	0	0	0	7	52	118	127	98	40	38	32	62	82	93	150	194	199	94	8	0
"medicine"	299	0	0	0	0	0	0	0	10	73	40	25	6	1	0	3	6	8	11	13	13	36	50	4	0
"meow"	400	0	0	0	0	0	0	0	9	16	66	56	44	29	9	19	17	23	38	23	11	14	25	1	0
"messy"	41	0	0	0	0	0	0	0	2	1	4	3	2	2	3	0	2	2	4	2	4	7	1	2	0
"milk"	1102	0	0	0	0	0	0	6	21	110	114	144	92	76	63	44	49	58	84	70	57	48	42	24	0
"mine"	108	0	0	0	0	0	0	0	1	4	3	10	5	6	4	6	11	4	12	11	15	11	5	0	0
"mix"	499	0	0	0	0	0	0	0	1	9	19	45	113	43	9	17	49	67	25	38	24	26	13	1	0
"mobile"	17	0	0	0	0	0	0	0	0	3	3	1	1	0	0	0	2	1	1	0	1	2	2	0	0
"monkey"	1775	0	0	0	0	0	0	5	18	59	89	216	132	77	146	74	125	115	124	211	149	141	79	15	0
"moo"	205	0	0	0	0	0	0	0	1	0	14	32	0	7	49	33	35	1	1	19	11	2	0	0	0
"moon"	487	0	0	0	0	0	0	2	4	31	7	64	17	35	44	29	121	5	28	29	17	34	8	12	0
"moose"	2	0	0	0	0	0	0	0	0	0	2	0	0	0	0	0	0	0	0	0	0	0	0	0	0
"more"	1829	0	0	0	0	0	0	2	16	57	42	197	98	81	164	141	122	101	169	159	190	179	82	27	2
"motorbike"	5	0	0	0	0	0	0	0	0	1	3	0	1	0	0	0	0	0	0	0	0	0	0	0	0
"motorcycle"	59	0	0	0	0	0	0	0	0	8	5	7	4	1	1	4	2	5	5	5	10	2	0	0	0
"mouse"	888	0	0	0	0	0	0	13	0	36	30	91	74	47	70	27	93	48	36	51	175	42	42	13	0
"mouth"	1584	0	0	0	0	0	0	0	9	26	119	139	123	44	70	92	100	178	119	175	216	140	24	10	0
"move"	700	0	0	0	0	0	0	0	3	22	40	74	67	32	19	34	45	90	53	67	58	59	34	2	1
"moving"	192	0	0	0	0	0	0	0	1	3	9	18	18	7	7	5	9	16	19	21	16	33	9	1	0
"music"	624	0	0	0	0	0	0	0	15	22	26	66	70	45	19	20	17	34	90	43	56	50	40	9	2
"my"	5495	0	0	0	0	0	0	1	59	225	422	478	353	365	194	272	300	370	442	577	509	570	291	67	0
"neat"	114	0	0	0	0	0	0	0	5	7	13	5	11	5	2	2	8	8	7	13	11	10	4	3	0
"need"	2749	0	0	0	0	0	0	0	14	94	193	295	233	144	103	97	181	225	209	279	275	256	131	20	0
"neigh"	85	0	0	0	0	0	0	0	6	4	5	1	3	11	9	10	14	5	9	0	2	2	2	2	0
"nemo"	94	0	0	0	0	0	0	0	0	3	9	8	7	15	0	10	2	0	8	10	12	9	1	0	0
"nice"	3818	0	0	0	0	0	0	0	17	99	191	345	371	282	208	246	253	327	397	439	253	241	110	36	3
"no"	2796	0	0	0	0	0	0	0	2	53	62	348	289	270	428	248	138	114	130	245	168	205	89	7	0
"nope"	386	0	0	0	0	0	0	6	4	14	16	51	38	23	28	8	10	13	18	39	40	34	34	10	0
"nose"	897	0	0	0	0	0	0	0	13	32	51	65	82	49	61	80	28	50	94	109	60	76	42	5	0
"not"	11136	0	0	0	0	0	0	83	58	445	833	879	916	554	453	537	708	806	861	1069	1161	1110	568	89	6
"now"	8073	0	0	0	0	0	0	18	110	395	669	689	616	445	303	359	477	569	633	797	760	733	411	86	3
"octopus"	131	0	0	0	0	0	0	0	6	2	4	6	24	9	16	0	7	20	12	5	8	6	5	1	0
"of"	15115	0	0	0	0	0	0	32	173	705	1402	1372	1004	745	528	488	703	949	1005	1599	1801	1785	695	124	5
"off"	1277	0	0	0	0	0	0	1	17	63	77	124	77	57	27	49	53	97	110	138	138	153	73	23	0
"oil"	174	0	0	0	0	0	0	0	0	4	10	4	12	8	5	4	11	13	21	23	25	22	8	4	0
"oink"	857	0	0	0	0	0	0	0	4	8	41	63	76	98	70	42	104	119	66	25	103	30	8	0	0
"ok"	2556	0	0	0	0	0	0	12	41	77	94	214	167	140	280	147	106	138	174	295	266	208	128	67	2
"old"	1386	0	0	0	0	0	0	0	1	24	108	143	87	50	48	50	126	177	105	104	242	66	46	9	0
"on"	10562	0	0	0	0	0	0	13	87	308	520	1042	979	599	612	609	701	763	1009	1056	848	830	488	96	2
"one"	12206	0	0	0	0	0	0	10	95	490	849	1232	966	740	601	518	742	933	1011	1074	1177	916	653	194	5
"open"	2391	0	0	0	0	0	0	0	3	57	160	209	123	106	80	65	180	315	283	249	376	104	69	11	1
"orange"	462	0	0	0	0	0	0	0	2	6	58	69	34	8	18	14	36	56	35	30	46	38	12	0	0
"other"	1835	0	0	0	0	0	0	0	6	53	144	152	142	83	47	54	104	116	167	177	223	213	136	18	0
"ouch"	83	0	0	0	0	0	0	0	6	7	4	5	4	1	5	1	5	4	3	5	8	10	14	1	0
"our"	1449	0	0	0	0	0	0	0	4	48	86	180	126	83	65	72	120	141	110	117	116	124	51	6	0
"out"	2419	0	0	0	0	0	0	1	21	113	115	191	152	99	135	162	152	138	169	245	253	255	189	29	0
"outside"	543	0	0	0	0	0	0	0	5	18	53	41	75	34	28	13	28	42	49	52	48	39	16	2	0
"over"	2568	0	0	0	0	0	0	3	16	93	137	224	156	101	140	109	232	171	278	242	255	252	135	23	1
"ow"	496	0	0	0	0	0	0	0	4	13	14	47	38	24	29	34	21	41	83	38	25	45	39	1	0
"owl"	133	0	0	0	0	0	0	0	10	17	9	20	5	10	16	2	6	2	10	7	11	5	3	0	0
"pail"	22	0	0	0	0	0	0	0	0	0	3	1	0	2	0	0	2	4	2	0	4	3	1	0	0
"pajamas"	58	0	0	0	0	0	0	0	1	2	4	15	8	0	0	0	2	6	3	2	2	1	6	6	0
"pancake"	90	0	0	0	0	0	0	0	0	2	34	26	21	0	0	0	0	4	0	0	1	1	1	0	0
"panda"	67	0	0	0	0	0	0	0	0	21	3	3	0	0	1	0	0	7	17	0	5	6	1	3	0
"pant"	346	0	0	0	0	0	0	0	3	7	32	63	39	15	8	11	11	17	18	26	27	39	26	4	0
"paper"	206	0	0	0	0	0	0	0	1	4	14	30	12	4	5	3	5	27	11	28	29	21	11	1	0
"park"	70	0	0	0	0	0	0	0	0	4	5	3	7	6	3	3	6	5	3	5	8	3	8	1	0
"party"	117	0	0	0	0	0	0	0	0	3	13	14	12	1	0	4	5	5	9	7	15	18	10	1	0
"pasta"	156	0	0	0	0	0	0	0	0	0	3	4	4	9	4	6	13	41	6	16	36	10	3	1	0
"paste"	16	0	0	0	0	0	0	0	0	1	4	1	2	0	0	0	0	0	3	4	0	0	0	1	0
"pea"	404	0	0	0	0	0	0	0	0	3	1	4	3	4	25	22	44	50	21	40	135	49	2	1	0
"peach"	381	0	0	0	0	0	0	0	3	5	26	21	10	5	3	2	45	30	73	44	73	41	0	0	0
"peacock"	71	0	0	0	0	0	0	0	9	5	7	0	0	3	0	7	1	1	8	2	1	18	6	3	0
"pear"	375	0	0	0	0	0	0	0	0	8	37	28	20	22	11	27	29	45	30	30	63	17	8	0	0
"pee"	607	0	0	0	0	0	0	0	0	33	29	32	37	56	56	39	84	66	48	65	26	34	2	0	0
"pencil"	19	0	0	0	0	0	0	0	0	2	3	0	1	8	1	1	1	0	0	2	0	0	0	0	0
"people"	942	0	0	0	0	0	0	0	2	24	88	108	54	21	12	22	39	85	67	106	127	104	73	10	0
"phone"	519	0	0	0	0	0	0	0	0	17	24	61	30	47	76	21	12	44	26	71	42	28	20	0	0
"pick"	866	0	0	0	0	0	0	0	5	36	62	70	70	16	82	29	59	54	47	93	111	52	71	9	0
"picture"	653	0	0	0	0	0	0	0	1	15	44	64	50	59	23	18	50	47	85	51	56	41	42	7	0
"pie"	212	0	0	0	0	0	0	0	0	4	30	4	3	1	3	2	11	59	30	6	48	9	2	0	0
"piece"	424	0	0	0	0	0	0	0	1	9	24	56	21	9	9	10	14	26	43	42	70	57	32	1	0
"pig"	1772	0	0	0	0	0	0	0	18	36	57	154	284	153	111	57	146	265	184	176	60	39	31	1	0
"pillow"	132	0	0	0	0	0	0	0	3	8	3	10	6	8	3	1	11	11	17	10	14	16	10	1	0
"pink"	222	0	0	0	0	0	0	0	4	12	13	41	4	10	3	6	28	38	21	4	21	7	9	1	0
"pizza"	161	0	0	0	0	0	0	0	0	1	9	6	3	3	20	3	7	7	7	7	63	22	1	2	0
"place"	664	0	0	0	0	0	0	0	2	18	42	65	72	37	9	22	55	48	51	84	52	64	34	9	0
"plane"	204	0	0	0	0	0	0	0	2	20	31	23	13	13	1	8	21	12	19	8	12	14	5	2	0
"plate"	127	0	0	0	0	0	0	0	1	2	18	9	12	4	7	4	5	2	3	7	29	14	9	1	0
"play"	2268	0	0	0	0	0	0	0	7	76	126	203	205	104	129	139	160	197	251	188	209	176	82	13	3
"play-doh"	43	0	0	0	0	0	0	0	0	1	1	1	0	1	0	11	2	0	0	8	16	1	1	0	0
"please"	984	0	0	0	0	0	0	0	2	29	56	89	73	66	83	66	65	102	79	96	71	70	31	6	0
"plum"	132	0	0	0	0	0	0	0	0	2	14	12	9	2	1	5	17	21	17	6	12	11	3	0	0
"police"	174	0	0	0	0	0	0	0	0	3	12	12	7	7	0	4	19	30	19	19	13	20	6	3	0
"poop"	1038	0	0	0	0	0	0	0	13	23	73	74	63	54	40	59	75	103	143	95	81	87	47	8	0
"pop"	224	0	0	0	0	0	0	0	0	2	10	34	12	17	25	8	19	9	9	12	21	25	18	3	0
"popsicle"	3	0	0	0	0	0	0	0	0	0	0	1	1	0	0	0	0	0	0	0	0	1	0	0	0
"potato"	268	0	0	0	0	0	0	0	1	4	9	16	6	16	6	20	28	19	28	26	38	44	6	1	0
"press"	1459	0	0	0	0	0	0	0	12	38	82	150	102	43	37	31	209	176	107	201	132	90	32	17	0
"pretty"	260	0	0	0	0	0	0	0	3	2	9	20	19	11	12	16	32	13	18	26	21	30	18	8	2
"prince"	29	0	0	0	0	0	0	0	0	5	0	3	2	3	0	0	0	0	1	5	5	1	1	3	0
"puck"	1	0	0	0	0	0	0	0	0	0	0	1	0	0	0	0	0	0	0	0	0	0	0	0	0
"pull"	532	0	0	0	0	0	0	0	0	44	25	47	39	14	13	14	27	27	53	44	78	70	34	3	0
"puppy"	108	0	0	0	0	0	0	0	1	6	20	5	9	9	9	8	9	7	10	2	5	4	4	0	0
"purple"	285	0	0	0	0	0	0	0	7	15	6	42	25	5	9	4	25	38	18	7	17	34	19	14	0
"push"	1582	0	0	0	0	0	0	0	8	30	46	211	112	103	44	141	122	166	162	192	109	57	70	9	0
"put"	4503	0	0	0	0	0	0	1	31	192	274	472	394	163	177	156	255	310	455	435	416	468	265	38	1
"puzzle"	157	0	0	0	0	0	0	0	0	0	4	10	10	3	0	2	14	5	50	19	17	0	23	0	0
"race"	187	0	0	0	0	0	0	0	0	2	11	22	12	2	1	4	23	53	4	3	38	11	1	0	0
"racecar"	7	0	0	0	0	0	0	0	0	0	2	0	0	0	0	2	0	0	0	0	0	3	0	0	0
"radar"	1	0	0	0	0	0	0	0	0	0	1	0	0	0	0	0	0	0	0	0	0	0	0	0	0
"radiator"	10	0	0	0	0	0	0	0	0	0	1	0	1	0	0	0	0	1	0	1	0	1	5	0	0
"rain"	743	0	0	0	0	0	0	2	2	12	27	75	108	42	29	66	88	108	39	61	40	36	8	0	0
"rainbow"	243	0	0	0	0	0	0	0	0	7	24	26	28	17	22	1	54	23	3	7	21	9	0	1	0
"rake"	81	0	0	0	0	0	0	1	0	11	18	1	8	0	12	9	3	5	1	7	2	3	0	0	0
"read"	1401	0	0	0	0	0	0	0	18	67	98	121	128	98	34	68	114	103	130	109	128	105	67	13	0
"ready"	2887	0	0	0	0	0	0	1	8	73	139	238	230	165	96	150	219	241	355	297	263	196	181	34	1
"really"	3583	0	0	0	0	0	0	1	19	110	229	333	266	166	117	111	211	264	261	413	465	395	200	20	2
"red"	1190	0	0	0	0	0	0	0	21	66	62	131	115	50	52	42	100	111	105	99	92	58	58	28	0
"remember"	1019	0	0	0	0	0	0	2	14	65	73	96	80	43	36	33	83	71	76	90	96	107	42	12	0
"rice"	193	0	0	0	0	0	0	0	1	2	12	6	5	3	6	0	0	10	11	24	77	36	0	0	0
"ride"	150	0	0	0	0	0	0	0	3	6	7	20	20	10	6	9	7	8	11	16	13	12	1	1	0
"right"	8051	0	0	0	0	0	0	5	50	316	527	731	623	353	294	342	534	640	692	859	799	766	440	76	4
"ring"	175	0	0	0	0	0	0	0	4	0	19	13	7	6	4	10	17	13	6	26	31	15	4	0	0
"robot"	68	0	0	0	0	0	0	0	2	1	2	3	4	1	1	3	2	10	7	9	2	17	3	1	0
"rock"	151	0	0	0	0	0	0	0	1	15	11	20	10	7	11	3	5	6	10	16	10	18	4	3	1
"rocket"	11	0	0	0	0	0	0	0	1	0	0	7	0	0	0	0	3	0	0	0	0	0	0	0	0
"room"	660	0	0	0	0	0	0	0	8	44	53	67	49	32	16	23	39	55	58	56	60	48	38	14	0
"round"	3596	0	0	0	0	0	0	0	4	46	227	477	294	106	78	218	318	695	212	283	466	127	45	0	0
"row"	118	0	0	0	0	0	0	0	0	4	15	13	4	2	0	9	4	11	4	8	23	14	7	0	0
"rumble"	3	0	0	0	0	0	0	0	0	0	0	0	0	0	0	0	0	0	0	2	0	1	0	0	0
"run"	438	0	0	0	0	0	0	0	2	13	34	31	38	17	17	17	15	20	31	96	21	34	22	30	0
"running"	311	0	0	0	0	0	0	1	4	17	17	33	33	11	9	15	16	15	17	36	33	26	27	1	0
"MOTHERNAME"	826	0	0	0	0	0	0	0	5	33	78	72	60	23	12	21	31	43	61	82	99	120	70	16	0
"said"	3122	0	0	0	0	0	0	4	13	175	233	252	255	196	156	132	216	218	218	273	321	304	144	11	1
"salad"	116	0	0	0	0	0	0	0	0	0	5	11	4	2	0	1	6	6	3	17	44	13	2	2	0
"sandal"	8	0	0	0	0	0	0	0	0	0	1	1	0	0	0	1	2	0	1	1	1	0	0	0	0
"sara"	66	0	0	0	0	0	0	0	0	6	6	3	4	13	1	0	3	5	8	8	5	3	1	0	0
"say"	9340	0	0	0	0	0	0	12	120	355	551	911	668	449	416	574	776	939	868	897	714	725	305	59	1
"scared"	389	0	0	0	0	0	0	0	5	10	18	40	41	34	16	8	23	32	37	45	28	34	17	1	0
"school"	262	0	0	0	0	0	0	0	1	5	15	27	30	22	15	12	11	17	20	20	34	25	7	1	0
"scoop"	58	0	0	0	0	0	0	0	0	1	10	4	7	2	2	1	2	14	2	2	0	7	3	1	0
"sea"	529	0	0	0	0	0	0	0	10	26	12	36	87	102	29	51	102	7	26	19	7	7	6	2	0
"seat"	173	0	0	0	0	0	0	0	1	7	14	13	26	5	11	4	17	14	7	21	21	7	5	0	0
"see"	9984	0	0	0	0	0	0	9	110	412	612	980	863	598	467	473	711	892	934	941	775	646	399	160	2
"seed"	30	0	0	0	0	0	0	0	1	2	4	2	1	0	1	1	1	0	1	5	4	3	3	1	0
"sense"	162	0	0	0	0	0	0	0	4	12	15	18	9	5	5	0	4	15	5	23	18	18	9	2	0
"set"	444	0	0	0	0	0	0	1	4	21	42	35	18	18	15	28	28	58	29	26	56	40	16	9	0
"shake"	330	0	0	0	0	0	0	0	0	3	22	38	3	20	6	16	60	30	41	31	18	28	12	0	2
"shark"	55	0	0	0	0	0	0	0	0	0	3	1	0	6	3	0	8	6	0	6	8	11	1	2	0
"she"	4245	0	0	0	0	0	0	0	25	174	242	473	320	361	118	81	183	229	304	436	506	509	260	23	1
"sheba"	1	0	0	0	0	0	0	0	0	0	0	0	1	0	0	0	0	0	0	0	0	0	0	0	0
"sheep"	1981	0	0	0	0	0	0	0	30	106	125	213	132	184	95	83	163	239	170	158	110	92	45	36	0
"shine"	64	0	0	0	0	0	0	0	1	4	2	4	8	5	5	3	11	4	3	5	1	5	2	1	0
"shirt"	192	0	0	0	0	0	0	1	3	6	26	18	17	9	4	7	8	6	18	16	18	20	10	5	0
"shoe"	500	0	0	0	0	0	0	0	3	11	35	39	65	42	20	13	56	48	26	41	51	25	24	1	0
"shower"	239	0	0	0	0	0	0	0	1	25	49	30	21	7	2	3	1	3	0	11	20	20	45	1	0
"shrimp"	44	0	0	0	0	0	0	0	2	3	1	0	7	5	0	1	5	0	4	5	3	6	1	1	0
"shut"	224	0	0	0	0	0	0	0	0	5	25	27	12	6	3	6	18	42	10	11	35	12	9	3	0
"side"	343	0	0	0	0	0	0	0	2	9	24	20	18	16	6	11	24	15	34	45	30	59	28	2	0
"silver"	54	0	0	0	0	0	0	0	0	5	3	6	1	3	0	8	1	3	11	2	7	0	3	1	0
"sing"	1228	0	0	0	0	0	0	0	2	41	83	82	88	63	74	93	122	168	98	88	136	52	34	4	0
"sir"	1487	0	0	0	0	0	0	0	18	76	183	104	95	290	40	137	47	87	78	89	76	74	58	35	0
"sit"	2261	0	0	0	0	0	0	1	8	67	159	189	195	130	104	100	145	211	211	201	218	160	138	23	1
"six"	822	0	0	0	0	0	0	0	2	21	59	67	50	46	56	37	49	43	89	92	84	68	42	17	0
"skin"	86	0	0	0	0	0	0	0	0	3	4	10	5	2	5	10	0	2	6	7	14	6	9	3	0
"skinny"	69	0	0	0	0	0	0	5	15	1	3	9	3	5	0	5	4	1	1	6	1	7	3	0	0
"sky"	850	0	0	0	0	0	0	0	6	13	25	53	55	17	54	120	115	84	127	85	48	29	15	4	0
"sleep"	1655	0	0	0	0	0	0	1	17	81	68	105	134	185	137	97	182	108	121	107	67	101	101	39	4
"snow"	226	0	0	0	0	0	0	0	4	47	31	7	8	7	9	6	14	11	8	28	15	16	12	3	0
"soap"	51	0	0	0	0	0	0	0	0	0	2	5	14	1	1	2	0	8	3	3	2	8	2	0	0
"soccer"	50	0	0	0	0	0	0	0	0	0	4	2	8	1	0	2	1	10	5	5	2	7	1	2	0
"sock"	391	0	0	0	0	0	0	0	8	17	53	50	42	12	3	49	29	14	13	22	21	31	14	13	0
"some"	5481	0	0	0	0	0	0	3	48	257	549	541	346	253	172	173	249	390	461	480	749	520	251	39	0
"something"	3396	0	0	0	0	0	0	4	42	157	275	310	246	195	97	108	167	219	249	389	449	313	154	20	2
"song"	788	0	0	0	0	0	0	0	2	48	58	39	55	21	18	55	54	86	76	95	99	61	13	6	2
"sorry"	675	0	0	0	0	0	0	0	3	31	52	41	35	28	26	19	42	62	68	95	66	68	31	8	0
"sound"	701	0	0	0	0	0	0	0	2	26	41	80	44	37	37	23	39	64	54	91	75	65	20	3	0
"soup"	182	0	0	0	0	0	0	0	0	1	5	12	2	3	13	13	12	25	16	9	32	35	3	1	0
"spider"	1239	0	0	0	0	0	0	0	43	17	44	157	121	110	68	92	93	131	95	73	91	77	23	4	0
"spoon"	461	0	0	0	0	0	0	0	7	31	23	56	17	6	18	32	28	40	33	27	70	64	9	0	0
"squirrel"	70	0	0	0	0	0	0	0	5	0	9	8	16	4	0	3	5	9	5	3	0	1	2	0	0
"stair"	72	0	0	0	0	0	0	0	0	4	2	6	9	12	2	0	4	8	5	4	2	8	5	1	0
"stand"	1051	0	0	0	0	0	0	1	8	26	52	82	108	47	11	33	66	72	95	103	91	173	65	18	0
"star"	1044	0	0	0	0	0	0	3	18	43	70	105	110	56	63	36	174	47	99	75	47	54	42	2	0
"starfish"	42	0	0	0	0	0	0	0	2	3	6	1	3	1	7	4	2	5	0	1	0	3	4	0	0
"stick"	301	0	0	0	0	0	0	0	0	20	28	26	31	21	4	9	11	22	27	38	25	31	8	0	0
"sticker"	33	0	0	0	0	0	0	0	0	2	6	4	0	2	0	0	0	0	5	2	10	1	1	0	0
"stop"	1447	0	0	0	0	0	0	0	8	36	97	132	144	78	68	64	87	129	134	151	124	112	73	10	0
"store"	207	0	0	0	0	0	0	0	0	3	33	36	12	10	1	8	10	7	15	8	30	24	9	1	0
"straw"	51	0	0	0	0	0	0	0	0	0	6	4	3	3	4	2	0	6	6	3	11	1	2	0	0
"strawberry"	108	0	0	0	0	0	0	0	0	0	22	11	7	0	0	4	4	9	15	12	15	6	3	0	0
"stuck"	180	0	0	0	0	0	0	0	3	5	11	20	5	7	2	7	14	9	22	33	15	20	7	0	0
"sugar"	244	0	0	0	0	0	0	0	0	6	17	17	9	1	2	3	29	25	31	13	34	53	3	1	0
"sun"	1735	0	0	0	0	0	0	0	3	45	76	195	205	74	60	189	169	232	108	156	112	71	38	2	0
"sure"	1577	0	0	0	0	0	0	3	15	70	135	152	118	79	68	58	66	79	128	196	197	138	63	11	1
"swimming"	96	0	0	0	0	0	0	0	0	11	6	7	8	11	12	5	11	7	2	5	4	5	2	0	0
"swing"	116	0	0	0	0	0	0	0	1	5	9	21	25	3	1	0	3	4	5	13	13	9	0	4	0
"table"	501	0	0	0	0	0	0	0	2	9	40	42	45	20	24	25	31	52	48	64	40	41	12	6	0
"tail"	202	0	0	0	0	0	0	0	2	16	7	11	15	12	5	11	20	10	25	15	15	32	6	0	0
"take"	2815	0	0	0	0	0	0	3	23	116	192	281	208	136	78	91	131	203	194	326	281	293	204	55	0
"taxi"	38	0	0	0	0	0	0	0	0	8	3	9	0	0	3	1	3	3	1	0	6	0	1	0	0
"tea"	159	0	0	0	0	0	0	0	0	15	45	40	13	6	0	5	1	5	2	8	7	5	3	4	0
"teddy"	142	0	0	0	0	0	0	0	0	9	8	9	11	13	0	10	26	11	3	19	3	11	9	0	0
"teeth"	386	0	0	0	0	0	0	0	0	17	35	55	32	18	19	15	37	57	31	16	15	24	11	4	0
"telephone"	343	0	0	0	0	0	0	0	0	2	1	19	21	4	36	54	66	32	23	47	15	10	8	5	0
"ten"	681	0	0	0	0	0	0	0	0	19	48	64	54	34	51	49	37	35	69	55	67	59	31	9	0
"thank"	1579	0	0	0	0	0	0	4	15	51	101	181	121	67	44	61	86	133	174	158	148	137	78	20	0
"that"	8593	0	0	0	0	0	0	11	93	224	268	769	567	374	693	500	440	493	621	1060	946	890	500	140	4
"the"	78007	0	0	0	0	0	0	49	510	2926	4911	7451	6488	3912	3075	3569	6277	7337	6502	7500	7343	6290	3186	677	4
"them"	3756	0	0	0	0	0	0	49	29	113	280	267	384	281	198	191	279	255	284	306	330	290	181	37	2
"then"	6889	0	0	0	0	0	0	20	118	399	593	656	538	292	227	181	298	431	478	692	770	749	378	67	2
"there"	9241	0	0	0	0	0	0	12	86	351	535	884	645	446	455	427	627	710	944	914	856	792	451	103	3
"these"	2052	0	0	0	0	0	0	2	14	83	152	237	148	110	65	104	151	138	160	202	210	171	86	19	0
"thing"	3859	0	0	0	0	0	0	0	22	171	327	342	248	190	115	116	178	224	257	372	491	521	240	44	1
"think"	5823	0	0	0	0	0	0	3	59	239	464	614	384	209	208	148	257	320	424	639	744	704	342	64	1
"thirsty"	126	0	0	0	0	0	0	1	7	24	9	1	5	1	2	3	7	12	12	7	10	17	8	0	0
"this"	18739	0	0	0	0	0	0	9	129	698	1167	1922	1586	905	771	804	1144	1725	1887	1833	1686	1570	760	135	8
"thomas"	7	0	0	0	0	0	0	0	0	0	0	0	0	0	1	0	0	0	0	6	0	0	0	0	0
"three"	3026	0	0	0	0	0	0	0	10	75	131	280	239	437	235	152	191	192	267	251	242	179	118	27	0
"through"	1327	0	0	0	0	0	0	0	10	62	116	103	91	51	9	49	100	162	74	110	204	119	59	8	0
"throw"	643	0	0	0	0	0	0	0	7	16	21	40	68	33	31	40	35	31	78	78	62	68	30	4	1
"thumb"	130	0	0	0	0	0	0	0	0	4	3	6	16	2	7	15	9	13	20	11	14	7	2	1	0
"thumper"	80	0	0	0	0	0	0	0	0	2	24	3	0	30	0	0	1	0	0	1	9	10	0	0	0
"thursday"	145	0	0	0	0	0	0	0	0	8	9	16	8	0	3	3	4	11	9	28	19	16	10	1	0
"tickle"	628	0	0	0	0	0	0	0	0	6	42	62	77	42	19	52	55	99	111	35	5	18	2	3	0
"tiger"	90	0	0	0	0	0	0	0	0	9	7	4	4	2	1	3	4	20	15	8	3	9	1	0	0
"tiny"	382	0	0	0	0	0	0	1	17	18	32	38	20	44	9	20	38	19	22	32	30	26	12	4	0
"tire"	25	0	0	0	0	0	0	0	0	0	1	2	0	0	0	0	2	3	4	2	5	4	1	1	0
"tired"	440	0	0	0	0	0	0	0	2	8	18	25	57	41	28	28	17	24	38	38	32	36	38	10	0
"to"	29616	0	0	0	0	0	0	9	170	1079	2175	2847	2266	1525	1138	1183	1728	2237	2305	3058	3042	2999	1583	258	14
"toe"	143	0	0	0	0	0	0	0	3	5	15	28	4	9	10	5	10	10	10	1	7	19	7	0	0
"together"	676	0	0	0	0	0	0	0	5	33	36	59	93	23	11	27	57	55	72	87	47	44	24	3	0
"tongue"	205	0	0	0	0	0	0	0	0	7	13	36	9	6	8	13	21	39	12	22	6	9	3	1	0
"too"	2343	0	0	0	0	0	0	1	6	94	141	245	202	110	90	103	135	150	165	245	257	215	155	28	1
"took"	837	0	0	0	0	0	0	0	12	54	64	90	54	36	24	22	33	35	62	97	103	85	45	21	0
"tooth"	13	0	0	0	0	0	0	0	0	1	1	3	0	0	0	0	1	3	0	2	1	0	1	0	0
"toothbrush"	42	0	0	0	0	0	0	0	0	0	11	10	1	0	0	0	2	3	2	5	4	3	1	0	0
"toothpaste"	22	0	0	0	0	0	0	0	0	0	5	3	5	3	0	4	1	0	1	0	0	0	0	0	0
"top"	569	0	0	0	0	0	0	2	16	33	56	46	46	35	14	19	34	41	40	43	61	51	21	11	0
"tot"	504	0	0	0	0	0	0	0	6	19	19	67	58	28	11	5	33	31	55	32	45	52	35	8	0
"touch"	445	0	0	0	0	0	0	0	7	12	38	31	39	29	14	11	14	35	50	35	43	57	24	6	0
"towel"	86	0	0	0	0	0	0	0	0	8	8	7	3	2	4	1	1	3	2	6	13	19	8	1	0
"tower"	45	0	0	0	0	0	0	0	0	5	5	0	0	0	0	0	1	3	8	0	13	4	6	0	0
"town"	566	0	0	0	0	0	0	0	1	14	35	59	43	7	8	15	41	110	35	46	92	41	19	0	0
"toy"	473	0	0	0	0	0	0	0	4	27	24	57	35	21	16	14	38	42	29	50	26	52	33	5	0
"track"	135	0	0	0	0	0	0	0	0	7	14	16	9	8	6	6	11	11	9	17	9	5	6	1	0
"tractor"	76	0	0	0	0	0	0	0	0	21	2	1	9	0	0	0	8	3	7	16	3	3	3	0	0
"train"	746	0	0	0	0	0	0	10	6	66	38	59	86	52	55	20	51	30	91	69	26	17	60	10	0
"trash"	26	0	0	0	0	0	0	0	0	0	1	2	0	1	0	1	2	1	7	4	6	1	0	0	0
"tree"	639	0	0	0	0	0	0	7	3	36	50	31	75	37	47	36	75	50	66	51	21	23	25	6	0
"triangle"	382	0	0	0	0	0	0	2	0	10	21	29	47	5	21	36	31	28	43	31	25	46	7	0	0
"trisha"	80	0	0	0	0	0	0	0	0	8	8	8	2	0	1	6	2	9	4	4	9	15	3	1	0
"trouble"	206	0	0	0	0	0	0	0	1	6	17	15	21	17	7	12	10	19	14	17	17	14	17	2	0
"truck"	2118	0	0	0	0	0	0	0	23	95	173	154	142	90	61	64	123	138	237	255	270	214	71	8	0
"true"	136	0	0	0	0	0	0	0	2	4	7	15	11	6	3	4	6	11	10	9	18	18	8	4	0
"trunk"	25	0	0	0	0	0	0	0	0	0	2	2	7	0	2	2	1	0	1	0	3	4	1	0	0
"try"	2433	0	0	0	0	0	0	1	22	79	128	218	161	118	122	100	94	203	205	302	319	239	108	13	1
"tummy"	94	0	0	0	0	0	0	0	0	1	1	28	3	3	6	4	6	7	8	13	10	3	1	0	0
"tunnel"	32	0	0	0	0	0	0	0	0	6	2	0	2	9	0	0	0	0	3	7	2	1	0	0	0
"turn"	2080	0	0	0	0	0	0	6	25	50	88	239	221	128	71	92	193	206	235	149	136	93	99	49	0
"turtle"	421	0	0	0	0	0	0	0	8	53	47	35	56	37	11	8	26	37	26	22	13	25	17	0	0
"tweet"	69	0	0	0	0	0	0	0	0	0	14	2	0	0	0	6	0	0	18	1	21	1	6	0	0
"tweety"	5	0	0	0	0	0	0	0	0	0	0	2	0	0	0	0	0	0	2	0	0	1	0	0	0
"twinkle"	345	0	0	0	0	0	0	0	0	13	23	2	97	19	18	16	23	16	58	30	7	14	7	2	0
"two"	2902	0	0	0	0	0	0	0	17	80	131	304	245	158	209	164	230	196	285	249	262	200	142	30	0
"under"	476	0	0	0	0	0	0	0	4	11	40	54	38	27	18	19	25	23	60	48	38	44	25	2	0
"up"	3893	0	0	0	0	0	0	6	37	128	165	363	248	179	315	232	261	261	331	355	388	407	184	31	2
"vaseline"	77	0	0	0	0	0	0	0	0	4	4	10	8	3	1	2	2	5	12	3	7	0	8	8	0
"vegetable"	160	0	0	0	0	0	0	0	1	5	9	7	14	8	3	6	17	15	14	23	21	16	1	0	0
"very"	2660	0	0	0	0	0	0	3	46	132	221	232	179	171	119	72	151	145	185	263	330	288	108	15	0
"volvo"	1	0	0	0	0	0	0	0	0	0	0	0	0	0	0	0	0	0	1	0	0	0	0	0	0
"wait"	1734	0	0	0	0	0	0	0	18	48	69	206	184	114	82	88	130	124	161	131	144	136	82	17	0
"walrus"	40	0	0	0	0	0	0	0	8	2	10	0	0	1	1	5	1	0	0	0	0	4	6	2	0
"want"	20718	0	0	0	0	0	0	25	227	956	1475	1896	1478	953	725	966	1500	1938	1942	2136	2117	1518	747	116	3
"was"	7822	0	0	0	0	0	0	0	44	251	459	738	514	312	267	198	384	511	616	955	973	1036	482	77	5
"wash"	408	0	0	0	0	0	0	0	1	9	54	35	19	15	21	14	17	61	45	34	36	31	11	5	0
"washer"	11	0	0	0	0	0	0	0	0	1	2	3	2	0	0	1	0	0	0	0	0	0	2	0	0
"watch"	897	0	0	0	0	0	0	0	1	34	64	64	67	41	30	47	36	45	59	85	128	126	60	10	0
"water"	3215	0	0	0	0	0	0	3	13	161	190	289	201	154	155	174	227	308	322	318	295	246	132	27	0
"watermelon"	82	0	0	0	0	0	0	0	0	12	8	17	7	4	0	3	1	1	10	3	4	6	6	0	0
"way"	2208	0	0	0	0	0	0	2	22	95	197	184	127	100	60	86	136	131	238	247	221	219	126	16	1
"we"	13221	0	0	0	0	0	0	2	54	436	845	1397	1055	714	606	532	769	1077	1047	1315	1376	1252	624	119	1
"wednesday"	130	0	0	0	0	0	0	0	0	5	13	16	6	3	10	2	4	14	7	19	9	10	11	1	0
"weird"	389	0	0	0	0	0	0	0	1	4	23	45	39	9	2	3	17	25	34	46	53	57	27	4	0
"welcome"	99	0	0	0	0	0	0	0	0	3	5	8	16	3	5	5	4	6	12	14	5	9	3	1	0
"well"	1880	0	0	0	0	0	0	1	6	76	147	188	129	81	38	55	74	113	114	193	283	238	132	12	0
"wet"	407	0	0	0	0	0	0	1	2	51	38	45	29	17	18	15	20	33	19	31	31	32	25	0	0
"what"	28452	0	0	0	0	0	0	18	270	1062	1750	2844	2211	1293	986	1359	2075	2673	2894	2852	2585	2208	1097	267	8
"wheel"	967	0	0	0	0	0	0	0	3	14	93	117	62	22	16	53	66	214	62	82	121	31	10	1	0
"when"	3380	0	0	0	0	0	0	0	15	135	200	315	214	114	157	141	202	205	264	394	384	409	184	46	1
"where"	15262	0	0	0	0	0	0	6	135	390	732	1654	1339	821	635	921	1204	1600	1656	1424	1118	941	550	133	3
"which"	1502	0	0	0	0	0	0	5	15	83	123	134	90	64	27	47	77	140	111	127	193	151	92	22	1
"whistle"	1	0	0	0	0	0	0	0	0	0	0	0	0	1	0	0	0	0	0	0	0	0	0	0	0
"white"	418	0	0	0	0	0	0	0	5	30	27	49	24	9	29	12	41	26	33	33	45	15	17	23	0
"who"	5284	0	0	0	0	0	0	8	79	254	422	483	315	354	235	226	253	344	464	545	499	499	246	58	0
"whoa"	335	0	0	0	0	0	0	1	2	15	10	26	18	17	30	15	29	14	21	50	34	32	16	4	1
"why"	2656	0	0	0	0	0	0	1	17	92	176	262	209	145	119	130	147	194	221	252	253	251	157	29	1
"wild"	42	0	0	0	0	0	0	0	2	3	3	2	2	1	1	2	0	2	0	5	7	10	1	0	1
"will"	3828	0	0	0	0	0	0	51	115	260	340	316	279	220	180	125	211	190	239	347	380	352	200	23	0
"windmill"	3	0	0	0	0	0	0	0	0	0	1	0	2	0	0	0	0	0	0	0	0	0	0	0	0
"window"	194	0	0	0	0	0	0	0	1	6	11	15	14	4	4	4	21	18	27	23	20	21	2	3	0
"windy"	34	0	0	0	0	0	0	0	0	0	1	1	6	1	3	3	1	5	4	4	3	2	0	0	0
"wipe"	239	0	0	0	0	0	0	0	1	10	13	18	15	17	9	5	13	43	28	22	26	11	6	2	0
"with"	11865	0	0	0	0	0	0	52	198	648	961	1093	833	640	467	498	746	760	946	1216	1208	1045	472	79	3
"wonder"	413	0	0	0	0	0	0	0	1	11	16	22	54	33	21	9	19	21	51	54	31	47	20	3	0
"woof"	610	0	0	0	0	0	0	0	34	22	38	47	29	29	20	25	58	20	58	38	79	48	57	8	0
"wool"	691	0	0	0	0	0	0	0	8	40	62	48	59	182	12	31	27	47	37	30	27	26	30	25	0
"work"	1394	0	0	0	0	0	0	0	1	69	132	134	90	68	25	47	50	108	117	147	158	164	79	5	0
"wormy"	62	0	0	0	0	0	0	0	0	3	1	4	2	2	7	0	2	10	11	5	4	2	9	0	0
"wow"	1284	0	0	0	0	0	0	1	9	27	46	105	89	75	84	97	98	65	153	174	85	92	69	15	0
"wrong"	703	0	0	0	0	0	0	1	5	36	49	88	42	28	20	25	48	51	64	73	93	41	32	6	1
"yellow"	672	0	0	0	0	0	0	1	7	16	32	67	68	15	24	27	53	80	78	69	46	31	35	23	0
"yes"	3208	0	0	0	0	0	0	0	16	58	103	390	282	237	335	250	122	113	192	358	325	244	142	36	5
"yogurt"	797	0	0	0	0	0	0	0	8	43	116	150	70	19	31	32	42	64	51	50	79	29	12	1	0
"you"	66973	0	0	0	0	0	0	70	518	2425	3797	6227	5002	3410	3543	3143	4137	5737	6627	6756	6029	5599	3235	694	24
"your"	16219	0	0	0	0	0	0	14	306	981	1254	1456	1261	761	536	633	1123	1146	1414	1440	1504	1369	865	150	6
"yuck"	688	0	0	0	0	0	0	0	5	1	24	90	64	57	60	51	46	85	110	66	14	13	2	0	0
"yum"	2564	0	0	0	0	0	0	0	15	40	109	236	167	163	156	125	219	459	274	194	248	124	35	0	0
"zipper"	180	0	0	0	0	0	0	0	0	1	2	5	11	15	0	3	40	29	33	24	5	12	0	0	0
"zoo"	129	0	0	0	0	0	0	0	1	1	0	2	17	0	30	36	16	0	1	3	8	5	7	2	0
"zoom"	60	0	0	0	0	0	0	0	0	0	3	19	3	0	0	1	8	16	1	1	6	1	1	0	0
