"word","small.cat","aoa","n.freq.pre","cmu.phon","uttlen.pre","sp.count","sp.KL","topic.count.ep","topic.KL","temp.count","temp.KL","mrc.imag","mrc.conc","mrc.fam"
"aboard","Other",519.455474537,0.297011052960037,5,4.291667,100,1.1002689792,44,0.918160522365,44,0.347877829855,NA,NA,NA
"accident","Adjectives",607.380671296,0.350259479849908,8,5.08,357,0.3528805387,106,0.077768472821,71,0.0972737315513,518,419,564
"again","Closed class",515.417766204,17.0807613024349,4,5.647245,10372,0.0452275791835,1927,0.240855775409,2212,0.0478102945724,NA,NA,NA
"airplane","Nouns",476.36568287,0.785874970371298,6,4.845238,387,0.586108548325,76,0.273948415699,120,0.33585692402,NA,NA,NA
"album","Nouns",602.814675926,0.103573317057803,5,8.272727,84,1.43141391319,24,0.243075998144,12,0.82801197301,NA,NA,NA
"alexander","Nouns",590.793425926,0.0230338307932918,9,6.75,NA,NA,7,0.670883458547,4,1.15213021003,NA,NA,NA
"NANNYNAME","Nouns",382.849884259,5.18653254705929,7,4.732203,1573,0.3594261141,270,0.146429541177,355,0.180870417801,NA,NA,NA
"all","Closed class",436.539479167,36.0391266379262,2,6.312735,15621,0.0969413430885,2153,0.102574109371,3414,0.0390387944889,332,267,582
"alligator","Nouns",527.378078704,0.0959202149977412,7,3.416667,101,1.3000360828,20,0.412176147946,20,0.829543616777,627,624,442
"alright","Adjectives",751.407418981,15.2752647849097,5,3.683723,24513,0.0318069955421,4100,0.0315160172654,3109,0.026726145258,NA,NA,NA
"am","Closed class",502.831631944,4.33151864945451,2,6.722449,2915,0.206349469121,NA,NA,724,0.168061122348,247,259,603
"ambulance","Nouns",445.711539352,0.62161451633635,9,4.183099,265,0.708044572207,50,0.342846114883,82,0.313568601589,627,595,499
"an","Closed class",680.638657407,9.95420803760679,2,7.895611,11937,0.0252653719932,NA,NA,2020,0.0224400623273,195,217,595
"and","Closed class",509.382986111,176.148887384168,3,7.859519,106979,0.0360851275715,NA,NA,23956,0.0141240418953,226,220,620
"animal","Nouns",574.803356481,2.37691193485836,6,5.925333,1834,0.201869996526,388,0.275810928468,437,0.064275810521,575,587,620
"another","Closed class",617.32994213,6.49452669194743,5,6.439921,7051,0.0441436168553,1543,0.0274821873143,1241,0.0224706031236,NA,NA,NA
"answer","Other",626.594791667,0.997130071791454,4,6.301676,770,0.314642003762,253,0.149387156287,210,0.120753320021,368,397,605
"ant","Nouns",676.379282407,0.190540276489585,3,5.159091,88,1.29582267701,39,0.51708031529,55,0.223993259939,613,604,511
"any","Closed class",627.356423611,11.1342132867082,3,6.70031,11970,0.0386076590148,2324,0.218018377683,2309,0.025832282323,206,222,542
"apple","Nouns",454.424189815,1.87615554655137,4,4.825,769,0.495329679769,150,0.284496704145,192,0.105289071489,637,620,598
"around","Adjectives",644.469375,7.69829275966559,4,7.671502,8102,0.0478156229456,1786,0.044400890424,1464,0.0295890468147,NA,NA,NA
"away","Adjectives",596.700729167,11.1182943864895,3,6.557457,12694,0.0509574262401,2008,0.0915525724501,2235,0.0260036340043,272,257,573
"awesome","Adjectives",596.694282407,0.335439968826746,4,5.441176,341,0.544158115819,91,0.179563273133,52,0.271544932264,NA,NA,NA
"baby","Nouns",494.72744213,18.7461685394945,4,5.383476,10555,0.0800607229824,1390,0.146915546969,2616,0.0332408312912,608,589,597
"back","Adjectives",483.671087963,14.5586185064876,3,7.214234,10641,0.080455797064,1650,0.0834671073999,1861,0.016460439113,483,540,587
"bad","Adjectives",521.757303241,5.14469317413418,3,6.408537,3703,0.0702423843829,815,0.0439366190602,660,0.0449870914136,388,308,592
"bag","Nouns",483.740752315,4.26656918570752,3,5.178295,2028,0.215255472626,388,0.907482810838,594,0.254768117562,570,603,634
"bagel","Nouns",489.411990741,0.19167144971021,5,6.333333,155,0.886739266589,34,0.419234354727,18,1.13263068227,NA,NA,NA
"balloon","Nouns",486.486967593,2.38300260543249,5,4.961326,997,0.531335358885,122,0.402844784409,283,0.426685226478,583,623,520
"bambi","Nouns",548.83150463,0.305186313336176,5,3.371429,113,1.33671813614,15,0.403479276756,40,0.747261982862,NA,NA,NA
"banana","Nouns",494.690532407,3.68712182304358,6,4.528736,2777,0.232977639042,233,0.296877162242,488,0.210976875262,644,633,576
"barney","Nouns",563.354178241,2.23954070142662,5,3.790769,1999,0.635080506577,181,1.07593774919,453,0.38256279998,NA,NA,NA
"basket","Nouns",584.412824074,1.03817176110633,6,6.067073,860,0.442659976542,160,0.189904264394,216,0.264271034542,560,606,485
"basketball","Other",523.496053241,0.389626897259335,9,5.027027,414,0.869100481137,58,0.15495600114,57,0.364317122699,NA,NA,NA
"bath","Other",334.429421296,3.29679159800579,3,6.028571,622,1.13061505329,69,0.356975474419,86,0.942166535394,601,600,599
"bathroom","Nouns",585.721458333,1.42004965814378,6,7.807692,2308,0.34311852003,305,0.0857983306058,208,0.113568957841,NA,NA,NA
"battery","Nouns",572.440393519,0.782259191043766,5,6.166667,751,0.389387038614,124,0.0952217067747,123,0.248367794879,NA,NA,NA
"be","Closed class",498.887395833,35.3598303727628,2,8.047431,25559,0.0335844979158,3474,0.0647111720135,4229,0.0223450058053,274,225,613
"beach","Nouns",575.514155093,0.443615605222651,3,8.714286,357,0.68915810648,74,0.380201381736,93,0.233300286107,667,612,553
"bead","Nouns",559.404409722,0.30669918834442,3,8.62963,161,0.939019473858,26,0.465611326337,34,0.782440573084,NA,NA,NA
"bear","Nouns",431.734907407,7.98551510002709,3,5.48169,1338,1.34121232195,283,0.571035652191,976,0.234457070461,572,585,526
"beautiful","Adjectives",631.405034722,2.97506981403615,8,6.536082,2991,0.106575842233,650,0.167640650886,682,0.0406981614344,532,393,609
"bed","Nouns",477.880925926,2.54264762639815,3,7.110169,1239,0.34191799823,313,0.281859751361,339,0.268695323413,635,635,636
"bee","Nouns",522.384282407,1.63883624122307,2,4.494792,781,0.369714864907,121,0.543729623649,271,0.210155150179,623,597,554
"been","Closed class",592.668981481,7.77028784116683,3,8.226964,8101,0.0577399465121,1443,0.12628121945,1258,0.0542541995286,222,215,567
"beep","Nouns",533.478113426,3.42846463472144,3,3.70922,1084,0.228866769903,133,0.241056737749,537,0.293782107689,NA,NA,NA
"beginning","Nouns",581.812349537,0.845432510686296,7,8.02439,606,0.365566483656,226,0.278453790437,151,0.110069258205,359,318,593
"behind","Adjectives",605.347789352,1.16733136921546,6,6.906433,1304,0.243998226911,277,0.0424593035333,213,0.0573810602434,371,NA,603
"bell","Nouns",492.371875,0.467151953731535,3,3.649123,241,0.675607444666,52,0.338555526359,116,0.499404373057,610,620,543
"bib","Nouns",573.498773148,0.617107344756673,3,5.662338,735,0.389695243169,85,0.106471219312,99,0.361127424217,488,548,380
"bicycle","Nouns",559.474236111,0.958201350761748,7,3.831081,492,0.831039612186,96,0.455565283221,187,0.505841298657,NA,NA,NA
"big","Adjectives",521.513020833,16.5145471502595,3,6.133655,12545,0.043308131591,1940,0.0472811726192,2523,0.0224800280789,463,NA,640
"bike","Nouns",605.384212963,0.899260519431687,3,4.840336,670,0.290510867176,118,0.185324599279,167,0.229705273462,NA,NA,NA
"bird","Nouns",534.458738426,6.2806085957795,3,5.297398,3655,0.203631894817,441,0.397369315521,1287,0.126960495548,614,602,592
"bit","Verbs",636.721805556,9.733922866098,3,8.80329,11316,0.0577422052259,2194,0.0836922558865,1646,0.0311170485472,432,392,460
"bite","Verbs",569.743483796,3.28081340673781,3,4.812652,3067,0.230538599589,460,0.191306495013,603,0.132673376924,553,509,593
"black","Adjectives",476.378935185,4.05509055915652,4,4.386885,1718,0.166993543767,377,0.644531332077,567,0.136614647235,589,470,603
"blanket","Nouns",372.684131944,0.220295844199641,7,6.230769,173,2.45312738598,13,0.345832652638,16,1.38707742951,582,622,563
"blankie","Nouns",569.839976852,0.0945290465845518,NA,4.333333,91,1.90452548617,19,0.328471539831,13,0.894386326326,NA,NA,NA
"blue","Adjectives",479.855775463,4.73595672060522,3,5.835165,1912,0.320052792283,454,0.274123133616,702,0.141712426873,569,459,593
"boat","Nouns",450.657800926,3.17261610276699,3,5.190635,1987,0.566822728242,210,0.333814304576,439,0.169745388504,631,637,584
"body","Nouns",592.752268519,0.85847709938511,4,7.15748,662,0.324583699111,211,0.122064627833,165,0.126113512154,614,568,610
"booger","Nouns",481.863969907,0.356308462551663,NA,3.833333,271,0.676232522432,45,0.132812509599,32,0.370671187423,NA,NA,NA
"boogie","Verbs",570.368969907,0.0410264729498019,4,3,NA,NA,9,0.234515682841,5,1.6542080793,NA,NA,NA
"book","Nouns",418.440555556,5.72921353892356,3,6.49354,2601,0.457985496961,342,0.310420134963,528,0.181093431415,591,609,643
"boom","Nouns",393.766712963,1.91940307318804,3,3.897059,609,0.348898381292,85,0.336084091019,254,0.352248317652,NA,NA,NA
"bottle","Nouns",468.743043981,2.04431274727107,5,8.098266,1509,0.287594928405,214,0.123868609499,234,0.129863702518,619,591,591
"bounce","Verbs",579.423206019,0.720637326620451,4,4.157895,444,0.715439770773,140,0.277580863519,178,0.444631183914,NA,NA,NA
"bowl","Nouns",480.687291667,1.1630947568391,3,7.007407,809,0.419442086265,153,0.187964545243,159,0.163498443438,579,575,557
"box","Nouns",476.321111111,1.7401045964521,4,8.7343,1125,0.335215426243,144,0.368169752821,242,0.268219497398,591,597,599
"boy","Nouns",519.846435185,18.3509233042198,2,5.074674,17387,0.064215610047,2397,0.0845140322773,2956,0.0151530109737,618,609,606
"bracelet","Nouns",599.452280093,0.216754497716609,7,4,182,0.773497937925,41,0.123002967684,42,0.304816241446,606,602,547
"bread","Nouns",550.39599537,1.6712570034821,4,5.482955,1484,0.277287460883,220,0.122959410718,227,0.190040378112,619,622,611
"break","Verbs",519.713356481,2.8483257251381,4,6.125424,2195,0.090649794172,521,0.0455856718623,399,0.0376936877325,398,360,529
"breakfast","Other",564.357962963,1.31062146411455,8,5.6,1886,0.131750095264,240,0.0683317640276,195,0.685727793047,586,576,657
"bridge","Nouns",583.406608796,0.345868924686965,4,6.254902,211,0.712191978184,60,0.424026266415,73,0.507532140732,608,623,561
"bring","Verbs",623.708981481,6.48423656102802,4,6.538706,9328,0.0689012959116,1489,0.033004620781,1293,0.0436707077417,NA,NA,NA
"brother","Nouns",556.812314815,0.657688163114671,5,6.932432,404,0.454292803315,164,0.233899259889,103,0.153136608151,589,585,598
"brown","Adjectives",506.390011574,2.25296702482608,4,6.271654,681,0.544929851499,182,0.497723875296,348,0.267499619334,NA,NA,NA
"brush","Nouns",493.430787037,1.82642363805752,4,5.288136,1612,0.340555730434,163,0.337732961522,375,0.307604032073,570,589,579
"bubble","Nouns",484.824837963,0.616263896412383,5,5.02,333,0.510481736287,66,0.26385800046,97,0.609933348703,604,563,508
"buddy","Nouns",564.890497685,0.698001482117004,4,4.611111,637,0.271809197092,171,0.0644425011824,119,0.282417472143,NA,NA,NA
"bug","Nouns",445.388946759,0.66523986691747,3,4.578947,469,0.570411582351,92,0.177730828732,81,0.3691094516,NA,NA,NA
"buggy","Nouns",548.760740741,0.145996126540047,4,4.142857,36,1.58542623077,16,0.275441738757,18,1.39662844803,NA,NA,NA
"bum","Nouns",518.875046296,0.645043091559065,3,7.069767,322,0.466483856184,80,0.130317846171,88,0.416852754267,NA,NA,NA
"bump","Verbs",450.884803241,0.329201814506113,4,5.863636,123,0.986234409147,43,0.696861582339,41,0.602094980874,476,525,541
"bun","Nouns",393.776331019,0.202026339052819,3,4.25,53,1.38916938828,6,1.05972488272,14,1.66886883355,NA,NA,NA
"bunny","Nouns",462.768020833,1.25363588109167,4,3.368932,304,1.20129961203,74,0.36491421769,161,0.191370844728,585,NA,471
"burp","Nouns",567.828796296,1.06346464096816,3,5.016807,1309,0.307293244854,186,0.097979513667,187,0.116798852592,NA,NA,NA
"bus","Nouns",421.31412037,0.337257166581407,3,5.363636,111,1.1607800362,37,0.167507695805,36,0.76426792624,NA,NA,NA
"but","Closed class",753.581157407,48.3449665928612,3,8.549915,59239,0.0214820329645,7465,0.096808958168,10090,0.0161651025591,206,227,603
"butter","Nouns",542.88337963,0.953819388036837,4,6.415254,866,0.398900204404,150,0.185824965638,137,0.212000739935,603,618,615
"butterfly","Nouns",532.769571759,1.62497861909562,7,4.647059,1026,0.39903621215,126,0.81171522285,279,0.155694206156,624,593,481
"button","Nouns",415.839872685,14.2464422695729,5,4.29207,1966,0.328505047197,257,0.584667354531,846,0.146777669995,580,613,573
"by","Closed class",592.76431713,7.38644017943929,2,8.065239,7134,0.0600829637046,1552,0.0671108053529,1267,0.0257125249654,229,208,598
"bye","Other",435.463888889,23.8272026262083,2,3.498492,6827,0.274834961474,782,0.254940489669,2271,0.136601210866,NA,NA,NA
"caboose","Nouns",573.446122685,0.0852731923149531,5,3.5625,95,1.50173111895,15,0.621718850228,25,0.764970008736,NA,NA,NA
"cake","Nouns",563.401909722,1.55859856580589,3,7.159624,1180,0.251775145401,173,0.29246282471,334,0.163249535083,624,624,594
"camel","Nouns",572.789791667,0.516828805739003,5,3.491228,143,1.18640314227,38,0.430816564873,75,0.397776581886,561,597,421
"camera","Nouns",479.607060185,1.30498928622564,5,7.956522,830,0.436403721508,120,0.137451073447,142,0.174444060159,576,627,550
"can","Closed class",634.483761574,79.9262458545747,3,7.68953,88794,0.00742263391387,8622,0.0101820228479,14787,0.0071135185569,369,365,620
"candy","Nouns",598.62869213,0.794278901862689,5,4.576271,634,0.396808903845,109,0.221322306231,179,0.445169926569,601,602,559
"car","Nouns",381.68900463,7.44196713139041,3,5.022869,2243,0.615322851828,247,0.245286717427,594,0.38087319553,638,622,634
"careful","Adjectives",572.539976852,4.66348436920056,6,3.830372,4472,0.132177130186,1331,0.0403146176122,889,0.0731673272321,346,NA,605
"carpet","Nouns",595.744641204,0.173883599711041,6,4.611111,83,2.71376717648,24,0.369085744811,23,0.936061145896,538,581,508
"carrot","Nouns",508.618229167,0.512608894596158,5,4.769231,298,0.559853948482,63,0.153112780002,67,0.488467703753,577,622,539
"cat","Nouns",410.436527778,6.72863331860185,3,6.356659,1486,0.534890573051,246,0.947512893109,596,0.252230738804,617,615,582
"catch","Verbs",539.71068287,2.35116191542148,3,4.468013,2279,0.787655020519,282,0.363567472661,541,0.316417018299,NA,NA,NA
"cell","Nouns",585.395486111,0.80839836434214,3,7.657407,888,0.235615479964,165,0.123463557843,131,0.130241569386,590,542,520
"cereal","Nouns",574.371527778,2.3155472089389,6,5.618893,2235,0.200920293509,358,0.144889083497,398,0.258157807465,576,637,543
"chair","Nouns",464.390578704,3.58241249199833,3,6.915361,2284,0.214414704387,352,0.0933631408304,382,0.0733333386865,610,606,617
"change","Verbs",557.418020833,8.60036924817876,4,5.962777,11289,0.312540799318,1504,0.108074206779,1370,0.0426692487415,NA,NA,NA
"chase","Verbs",585.833321759,0.432882274939767,3,5.44,528,0.291372789003,200,0.907055479549,74,0.102091526928,NA,NA,NA
"check","Verbs",603.335347222,2.7883785605934,3,6.914773,3526,0.104508247916,724,0.0814018498975,429,0.0671780542191,NA,NA,NA
"cheerios","Nouns",650.435648148,0.164849293661849,6,3.75,239,0.779162980722,30,0.195651105453,26,0.579176187089,NA,NA,NA
"cheese","Nouns",528.502685185,2.45429905969855,3,5.468,1878,0.225046324021,279,0.17011593783,318,0.183903879581,592,624,588
"cherry","Nouns",625.760555556,0.684770437611052,4,4.14433,648,0.452436653584,85,0.211063712353,112,0.239572586261,582,611,514
"chew","Verbs",570.495451389,1.8987181059834,2,4.985915,1336,0.42223132547,336,0.311851432958,373,0.143018781435,527,442,570
"chick","Nouns",512.423206019,0.993638018451398,3,4.84058,345,0.810738530691,76,0.981371663399,227,0.788656170025,NA,NA,NA
"chicken","Nouns",524.441608796,4.83746507121199,5,5.773157,3468,0.16580788484,503,0.135467136649,715,0.163962191011,619,614,544
"chip","Nouns",494.732256944,1.12243479334113,3,4.254545,707,0.301931985449,96,0.194837494382,167,0.291880041828,NA,NA,NA
"chocolate","Nouns",532.794861111,0.873458385703196,6,6.380952,866,0.229682875321,113,0.154497700315,118,0.237841659069,611,576,560
"chug","Nouns",526.834490741,1.13908869971112,3,10.212121,175,1.02192889005,35,0.588717014628,236,0.534429134627,NA,NA,NA
"cinderella","Nouns",598.785,0.528016943689857,8,4.936508,874,0.356524588127,64,0.135807662046,114,0.418716996487,NA,NA,NA
"circle","Adjectives",497.391828704,1.89748442471876,5,4.344633,850,0.367207776154,199,0.651216824638,272,0.156020758343,591,515,581
"circus","Nouns",532.865694444,0.314547097780214,5,5.347826,238,0.607739292145,27,0.192514421588,38,0.487938033307,586,535,489
"clam","Nouns",528.672731481,0.334020759684911,4,7.057692,137,3.0479091992,16,1.58321360457,68,2.1467916407,541,564,486
"clean","Adjectives",556.8975,7.30115622715945,4,5.504474,8196,0.0988959747338,1009,0.121341383475,1310,0.0663352438616,454,392,610
"climb","Verbs",607.285833333,0.941589408266819,4,6.705882,726,0.370918737328,337,0.359895632055,147,0.160939727244,NA,NA,NA
"clock","Nouns",521.877592593,3.67160414274154,4,7.339921,1456,0.267762553862,310,1.00524482279,490,0.217152683701,614,591,608
"close","Verbs",558.837708333,5.36080424425616,4,4.713235,5296,0.151798922673,1039,0.0901130557412,1056,0.0689975518468,420,391,587
"cloth","Adjectives",578.457627315,0.666999222742915,4,6.354839,1123,0.407254890354,692,0.116631363062,136,0.142531471604,547,580,561
"clothes","Nouns",578.720497685,2.86523149946769,5,6.762611,3978,0.298773950886,NA,NA,520,0.267379797299,629,600,652
"cloud","Nouns",519.639178241,0.633151639223394,4,5.525641,283,0.877398528675,74,0.477501193824,106,0.567600145515,595,554,553
"coffee","Nouns",557.344155093,1.69048665636466,4,5.708333,2192,0.212539183636,227,0.10813898746,290,0.388208545265,618,613,625
"coke","Nouns",468.89099537,0.379905160313444,3,7.892857,331,0.592801166868,50,0.21498023937,39,0.465852399463,623,580,585
"cold","Adjectives",481.442222222,2.51091163019063,4,6.057971,1568,0.20670088868,314,0.0660992229775,304,0.0492122991096,531,457,626
"color","Adjectives",476.783969907,3.19691485202351,4,6.384342,1142,0.352492614428,314,0.533433173336,420,0.118816573856,513,467,582
"comb","Nouns",528.371840278,0.396519835114817,3,5.792453,252,1.39198232741,56,0.47744089997,74,1.07315760246,NA,NA,NA
"come","Verbs",507.425729167,97.8859278012656,3,4.606517,77820,0.0891062657609,5137,0.112587122795,12705,0.0335907718308,322,355,608
"cook","Verbs",637.409074074,0.944103823084648,3,7.067797,1018,0.274484407687,373,0.0730616164734,152,0.311128188826,504,502,568
"cookie","Nouns",525.648078704,2.92145502861611,4,4.983498,2280,0.277447689947,234,0.234886654319,459,0.278534256293,600,634,585
"cool","Adjectives",466.518761574,4.41931310971609,3,3.949109,2396,0.201398055202,602,0.105148242043,586,0.059676203619,429,364,567
"couch","Nouns",560.554131944,1.12855272781543,3,7.879433,1109,0.358320032999,199,0.13727310906,165,0.115002614129,536,578,521
"count","Verbs",557.438402778,1.51407122172643,4,6.599119,903,0.332291509443,341,0.537926007981,264,0.142484939592,459,351,574
"cow","Nouns",453.637384259,10.2591166695754,2,4.90069,2760,0.484086039822,446,0.906902759858,989,0.249560682598,632,621,529
"crab","Nouns",524.356736111,0.242682972988089,4,4.878788,96,2.27152599835,32,0.515925588087,41,0.707836858962,589,626,433
"cracker","Nouns",493.701331019,0.497504928914758,5,5.755102,522,0.37641013007,49,0.397871174572,70,0.608388020733,NA,NA,NA
"crayon","Nouns",675.409282407,0.263761311282698,5,6,271,0.706207033402,34,0.140085966758,44,0.464325594423,NA,NA,NA
"crazy","Adjectives",569.767314815,8.60013846737477,5,4.303002,8751,0.0557753868079,1544,0.0762377599345,1486,0.0334844131201,NA,NA,NA
"cream","Nouns",555.433078704,7.06255800189225,4,5.837806,5886,0.144810959095,631,0.125411700295,1215,0.192812773623,557,621,514
"crib","Nouns",550.3615625,0.862123784725939,4,8.446809,714,0.322307951609,131,0.10349841236,117,0.198534761911,NA,NA,NA
"crocodile","Nouns",599.495856481,0.164412499988721,8,5.052632,68,1.11521545202,28,0.297007705571,29,0.549251851297,601,583,456
"cry","Verbs",579.361608796,2.82339554032037,3,5.339207,1997,0.136808345903,1001,0.102446386985,376,0.0573211491524,478,436,566
"crying","Verbs",641.671840278,4.61960967432649,5,5.899729,2871,0.133186480689,NA,NA,528,0.0811519001279,NA,NA,NA
"cup","Nouns",404.915439815,2.33058389852741,3,6.575949,944,0.54935473534,131,0.220649470821,204,0.177527997234,558,539,595
"cushion","Nouns",624.826527778,0.104028539948796,5,6.263158,98,1.31469833837,25,0.15813773555,19,0.608908090776,NA,NA,NA
"cut","Verbs",519.740798611,2.23489590332961,3,7.542714,1960,0.139925489546,387,0.107400900308,245,0.141884777014,460,430,581
"cyprus","Nouns",598.676655093,0.149841873026068,6,3.75,128,0.878849394574,30,0.132625875426,22,0.378383188166,NA,NA,NA
"daddy","Nouns",524.355162037,35.5095949797369,4,5.083418,17651,0.0585366998866,2249,0.117320767312,3033,0.0405771821351,NA,NA,NA
"dance","Verbs",593.40193287,1.57639498449883,4,4.958904,1155,0.437911265318,385,0.104490671877,271,0.132159073305,510,502,550
"dangle","Verbs",673.606412037,0.0152269155378287,6,7,NA,NA,11,0.294154914718,2,1.96099669938,NA,NA,NA
"dark","Adjectives",548.690706019,1.32757467701786,4,7.556818,1332,0.511148594383,223,0.567913970321,224,0.303468760684,586,497,598
"CHILDNAME","Nouns",461.376203704,141.386329463621,5,4.089879,68895,0.0439317819007,4728,0.122223956221,16140,0.0503082670972,NA,NA,NA
"day","Nouns",522.815844907,12.8438610497043,2,8.226174,9532,0.0574342476006,1617,0.115015555048,1732,0.0454168457375,526,477,595
"dear","Adjectives",605.7553125,0.894591277186596,3,4.761468,779,0.200455284442,165,0.352698802946,154,0.111837434917,374,326,536
"deck","Nouns",487.772060185,0.363548219134014,3,9.428571,255,0.532141550529,41,0.297598501443,30,0.54249223796,539,566,507
"deer","Nouns",555.432395833,0.164145475816493,3,4.894737,111,0.999705779537,25,0.204372524691,32,0.697681905848,624,631,509
"delicious","Adjectives",595.425555556,0.779466750290983,7,3.204301,698,0.519742062917,142,0.294096581806,115,0.465363047421,NA,NA,NA
"diamond","Adjectives",590.394166667,0.461256114242321,6,5.445946,341,0.778970325775,102,0.667373488276,122,0.400770206898,623,610,512
"diaper","Nouns",547.444791667,9.68639260323646,4,5.620352,11232,0.527008468416,1034,0.224387286786,1465,0.0253033019723,NA,NA,NA
"did","Closed class",599.426053241,57.182935659302,3,6.603411,57257,0.0142500195053,6568,0.0181345641515,9409,0.0165614707694,329,235,542
"different","Adjectives",600.400115741,5.20940561105127,7,7.570997,4141,0.128224723101,1205,0.0953217728789,787,0.0499731400731,329,NA,558
"dinner","Nouns",558.545625,4.84931260985,4,6.928926,5625,0.0954643710962,793,0.133218506326,721,0.364933553024,570,542,621
"dinosaur","Nouns",558.728831019,0.525183263672897,7,4.144928,403,0.739078474524,38,0.218738951972,104,0.914909541842,NA,NA,NA
"dirty","Adjectives",556.47943287,2.00550704594049,4,5.648069,1798,0.207201462316,374,0.0979619152511,312,0.071787805971,485,NA,589
"dish","Nouns",529.750324074,1.82940372789802,3,7.830409,1487,0.257997404454,272,0.747479845292,310,0.129828167388,NA,NA,NA
"do","Closed class",545.352222222,184.873174851344,2,6.935476,136245,0.0155779361432,8048,0.026761446523,26881,0.0170545871392,247,276,609
"dog","Nouns",430.827037037,13.2105375551795,3,5.160532,3035,0.372040377869,481,0.732692350214,1338,0.194446167521,636,610,598
"doing","Verbs",598.647986111,19.7808685290144,4,6.170839,21789,0.0270970850155,NA,NA,3713,0.0224400468045,NA,NA,NA
"doll","Nouns",480.36505787,0.14708360373386,3,6.181818,92,1.13840575406,21,0.175510792624,15,0.683735995775,565,588,503
"dolphin","Nouns",576.760578704,0.329338324369879,6,3.618182,376,0.770908563613,36,0.401372100859,79,0.570594886373,NA,NA,NA
"done","Other",436.820196759,16.5104184557842,3,4.596801,6070,0.227053287004,1009,0.155289191422,1457,0.103044625083,346,271,567
"donkey","Nouns",569.644571759,0.259097948579496,5,4.111111,115,1.07239656349,39,0.309817140366,50,0.427508556481,NA,NA,NA
"door","Nouns",476.671180556,1.92280517514024,3,7.195402,1879,0.603697633123,283,0.110640517167,264,0.107349206798,599,606,630
"dough","Nouns",648.764699074,0.305190988622952,2,6.757576,222,0.92956486058,39,0.408784830472,42,0.816474440639,558,627,474
"down","Adjectives",459.746712963,20.0625753490093,3,6.223031,10410,0.0590071567736,1577,0.176750587458,2168,0.0195252841223,459,339,546
"downstairs","Nouns",572.442581019,2.87233698384875,8,6.441253,4599,0.319641605164,563,0.0716727499039,454,0.0782093214061,NA,NA,NA
"draw","Verbs",497.839826389,1.05266048191353,3,5.678322,1468,0.406494699998,161,0.0852639034295,197,0.18192013736,435,442,542
"dream","Verbs",569.624236111,2.011231475289,4,4.805556,944,0.911845889108,232,1.23601122929,458,0.379550434621,485,386,553
"drink","Verbs",568.500300926,5.0368815034565,5,6.179528,5693,0.070803456836,1019,0.0453280299312,869,0.0269565106612,553,549,628
"drive","Verbs",577.457951389,4.49198319098133,4,5.639764,3499,0.111002668206,561,0.413180611518,790,0.0809109035823,NA,NA,NA
"drum","Nouns",508.625358796,0.869855439360627,4,7.793103,344,0.789017755269,94,0.894987338725,130,0.219394635823,599,602,506
"dry","Adjectives",575.336886574,1.17021777927651,3,6.871212,1163,0.197728460395,261,0.0870496671033,168,0.0704111606843,429,NA,615
"duck","Nouns",341.548900463,4.378188387748,3,5.471264,547,1.10893681767,75,0.828572624878,240,0.695363993457,632,606,529
"dude","Nouns",542.827673611,19.4601240478024,3,4.836621,19571,0.0870681128179,2902,0.174054604008,3915,0.180959938247,NA,NA,NA
"dumbo","Nouns",598.60474537,0.00749374827823014,5,8,NA,NA,NA,NA,2,1.87347277796,NA,NA,NA
"dump","Verbs",524.408611111,0.349391373715587,4,6.150943,492,0.960843482999,76,0.195940485714,66,0.245346541894,528,502,504
"dvd","Other",639.875868056,0.239427031451935,6,6.416667,373,0.736046727629,40,0.355657294232,37,0.848310782193,NA,NA,NA
"ear","Nouns",555.695613426,2.72314094538121,2,5.531088,1223,0.270521588531,365,0.16937082974,483,0.0722319985093,597,640,560
"eat","Verbs",617.796550926,37.2443400768127,2,6.55086,42398,0.0628470477598,4326,0.0650159132962,7082,0.0586291165478,563,486,529
"egg","Nouns",492.463935185,2.69611496531865,2,6.598706,1177,0.630991504774,164,0.507699034962,380,0.272061351355,599,613,608
"elephant","Nouns",572.41431713,2.09843004844422,7,4.307432,1054,0.340997080715,192,0.389831686324,399,0.104396291024,616,628,459
"elijah","Nouns",593.760891204,0.00760691239770933,5,0,NA,NA,NA,NA,NA,NA,NA,NA,NA
"SISTERNAME","Nouns",632.716053241,0.515517721072516,NA,4.508772,409,0.574740576878,67,0.120417486459,99,0.698698615814,NA,NA,NA
"elmo","Nouns",557.434027778,0.553309325292242,4,4.215686,541,0.707519041416,35,0.400311893497,110,0.48599454311,NA,NA,NA
"else","Closed class",654.368449074,7.04421146144349,3,6.317333,7431,0.0467029184578,1713,0.012431871615,1378,0.0201352540294,208,222,565
"empty","Adjectives",575.708796296,1.09623507496464,5,5.714286,1131,0.264551257739,238,0.10082398344,198,0.113253006441,479,374,556
"end","Nouns",581.812175926,2.91950923663076,3,7.737931,2559,0.132253756937,685,0.10232064646,490,0.0689545342643,462,320,592
"engine","Nouns",506.637152778,0.344636968232999,5,5.235294,163,0.751844894223,63,0.308592045398,67,0.361784900467,595,586,543
"explosion","Nouns",638.514155093,0.0367154043503061,9,5.428571,58,1.3146671811,12,0.386979296346,11,1.16345163893,NA,NA,NA
"eye","Nouns",457.574143519,4.23027833213066,1,5.828125,1532,0.365571315346,381,0.336932986723,520,0.169367687972,603,634,611
"fall","Verbs",487.704606481,2.89793502895831,3,6.121212,1787,0.167251574125,530,0.108733785909,365,0.0551935418195,547,409,572
"far","Adjectives",597.855543981,2.45235155982622,3,7.389873,2286,0.129175027613,486,0.377458000355,521,0.0481620101025,411,302,587
"farm","Nouns",633.693622685,3.95399283575775,4,6.660398,4068,0.344722755117,290,0.986513602229,1062,0.200404461478,560,565,564
"fast","Adjectives",596.676805556,3.07942979815263,4,5.650633,2945,0.138997593269,573,0.246311438672,654,0.0979296823206,411,304,600
"fell","Verbs",602.802326389,3.56971405535624,3,4.977072,3110,0.110278436598,752,0.0767817952915,741,0.0288588308299,431,407,546
"fiddle","Verbs",597.589780093,1.33429955766294,5,7.119718,577,0.770648161262,166,1.59787555604,198,0.270005208663,555,582,465
"fight","Verbs",581.339583333,0.502497922339955,3,7.092593,287,0.631404481015,149,0.0836371306375,76,0.191549176502,543,455,561
"find","Verbs",575.452164352,9.41464580390982,4,6.707653,8261,0.0480521355059,1526,0.153706456813,1632,0.0286261281238,370,351,580
"finger","Nouns",560.376979167,2.08443975483471,5,5.688474,1638,0.229004033824,384,0.0867876873064,418,0.0588196544116,NA,NA,NA
"fire","Nouns",546.771875,2.0409693289349,3,4.650909,1253,0.299438538407,222,0.249165709198,378,0.13255131003,634,595,580
"firetruck","Nouns",542.33875,0.117769908711613,NA,2.823529,59,1.57819658763,21,0.462343970707,21,0.805399190401,NA,NA,NA
"firework","Nouns",674.881122685,0.0425001301028701,6,4.777778,106,0.970990191949,9,0.336051911237,11,1.23002853554,NA,NA,NA
"fish","Nouns",332.764826389,14.6771948150914,3,4.905303,1300,1.4852853299,133,0.67447792041,630,0.305351412385,615,597,548
"five","Closed class",590.419710648,14.6437030974254,3,5.667946,12670,0.0562582368388,1960,0.158453078739,2805,0.0443244488965,529,365,553
"fix","Verbs",648.409583333,0.955436451077062,4,6.601399,1193,0.198452422814,293,0.0489642415558,195,0.068043242483,NA,NA,NA
"floor","Nouns",626.88037037,2.21673781786711,4,7.699387,3018,0.0714017897287,572,0.0380980986317,496,0.0770504744325,544,559,551
"flower","Nouns",476.377349537,6.20865599278684,4,4.357025,2364,0.390940334842,381,0.489302732521,918,0.154445701928,618,584,566
"fly","Verbs",545.864918981,1.95833162429066,3,5.982609,1397,0.217409665201,347,0.157414119318,330,0.154815385654,582,525,537
"food","Nouns",570.511574074,5.06024010892948,3,7.1664,5031,0.141595044547,999,0.0679821124223,829,0.0364316967981,539,597,579
"found","Verbs",646.350636574,3.6173502003185,4,5.894837,4746,0.0865960773039,934,0.0499974111472,795,0.0162063213741,NA,NA,NA
"four","Closed class",559.335752315,12.2794306040134,3,5.947678,8826,0.105098535598,1604,0.22523084473,2242,0.0502827574494,491,365,553
"fox","Nouns",549.487118056,1.22226309267527,4,7.67907,632,0.8509561105,80,0.988346542673,250,0.424328668246,607,605,501
"fresh","Adjectives",616.553287037,1.05468354887542,4,6.259259,1325,0.133635780182,235,0.0966322940541,169,0.0666784416586,453,NA,576
"friday","Nouns",585.474108796,1.34308727726939,5,7.531646,1024,0.18335312182,204,0.191406121351,187,0.161341029206,NA,NA,NA
"frog","Nouns",492.373310185,8.27520904192532,4,3.840371,5162,0.344024895698,462,0.435685129664,1417,0.136189994148,617,619,507
"full","Adjectives",574.467662037,6.11481837734805,3,5.367702,4182,0.1558468746,892,0.607332871565,1137,0.153206552301,437,378,594
"funnel","Nouns",694.726076389,0.0144643652397092,5,4,NA,NA,7,0.349139549131,1,2.85239579231,NA,NA,NA
"funny","Adjectives",560.597384259,3.74148048241967,4,5.63311,2727,0.0979257556422,741,0.042533316817,588,0.057835206006,468,NA,617
"gah","Nouns",509.398206019,0.0516078366475397,NA,8,NA,NA,NA,NA,2,2.51145621071,NA,NA,NA
"game","Other",579.43212963,1.40540093011786,3,7.941176,972,0.229905281679,284,0.173648694582,242,0.0403000989705,521,477,574
"garage","Nouns",556.757534722,0.451441756870001,4,6.946429,577,0.314404257759,83,0.132033715457,69,0.169487634668,NA,NA,NA
"garbage","Nouns",557.393958333,0.990949321328458,6,5.065421,1122,0.257804209923,127,0.0978738269448,147,0.200887435075,596,572,554
"gate","Nouns",627.413900463,0.519787739023041,3,6.742424,699,0.593973995983,114,0.109953853293,71,0.15534486173,545,573,540
"gear","Nouns",496.8409375,0.430573607653872,3,5.229167,312,0.587516686971,38,0.141373652644,63,0.46002917915,NA,NA,437
"george","Nouns",550.453402778,0.241842411475807,4,7,231,0.504141502821,54,0.125180789615,32,0.608332370351,NA,NA,NA
"get","Verbs",572.534861111,50.9326358321494,3,7.30434,50200,0.0235064880291,5798,0.034280478732,8320,0.029088729772,264,290,604
"getting","Verbs",681.773564815,8.18658613972388,5,7.310734,10062,0.0438562358591,NA,NA,1538,0.0371674487663,NA,NA,NA
"ghee","Nouns",531.798634259,0.0518549877143848,2,1,NA,NA,NA,NA,3,2.33223283914,NA,NA,NA
"gimme","Verbs",569.421435185,1.51460031802288,4,4.183007,980,0.216508026156,209,0.10482824808,214,0.180620638765,NA,NA,NA
"giraffe","Nouns",534.462951389,0.559926365178173,4,3.817073,308,0.742109840111,74,0.584060819675,131,0.187543404723,NA,NA,381
"girl","Nouns",508.615925926,1.19092119472488,3,6.875969,564,0.479575676599,175,0.135668861556,172,0.144989205117,634,607,645
"give","Verbs",585.519027778,20.6938439748188,3,7.414079,19715,0.0239339425226,3273,0.0304874685844,3269,0.0256205749862,383,326,595
"glass","Nouns",555.380069444,2.17317037002039,4,6.851064,1928,0.184388824065,293,0.0324414508976,304,0.189323248963,585,635,611
"glider","Nouns",641.315729167,0.0264990040530543,5,2,NA,NA,5,0.379263812589,1,2.33640836787,NA,NA,NA
"go","Verbs",444.648553241,90.2302973579655,2,6.39342,49505,0.104115278423,3546,0.116027429656,10194,0.0626568767413,364,337,618
"god","Nouns",502.827407407,4.29974828132661,3,5.010526,2963,0.0838131119632,742,0.0607130096285,449,0.0839630226977,461,365,567
"gold","Adjectives",567.471655093,0.435016402375106,4,7.118644,290,0.778934757204,60,0.271850213075,92,0.465345552782,594,576,550
"gone","Adjectives",464.494375,3.42756804214223,3,5.116732,1666,0.194609077585,372,0.0822051817666,315,0.0778124507767,313,321,546
"gonna","Closed class",690.550439815,44.4756806105341,4,7.635588,61262,0.0119012978913,7420,0.0148286254489,9509,0.0132754645263,NA,NA,NA
"goo","Nouns",320.487662037,1.43868948416051,2,8.413793,64,2.33332773951,7,1.97118162685,47,1.78356179011,NA,NA,NA
"good","Adjectives",484.791134259,48.2778471146768,3,4.68977,30344,0.0501008258921,3704,0.0824673783587,6335,0.0360530789687,374,297,621
"goodbye","Other",525.390300926,2.07369299881874,5,3.043796,1047,0.309608847041,226,0.735715657423,223,0.23418871117,NA,NA,NA
"goodness","Other",699.416388889,4.05411247092101,6,3.953871,5120,0.0924649217503,NA,NA,962,0.132857787187,416,275,509
"goof","Adjectives",594.40943287,0.163218607280946,3,4.142857,96,1.42779877808,34,0.130250210533,22,1.06148912542,360,348,513
"goon","Nouns",631.872627315,0.0679906968178516,3,4.6,34,1.68358293975,10,0.359297849057,12,1.52333963695,NA,NA,NA
"got","Verbs",494.435347222,17.3163862414241,3,7.140898,13578,0.0424783893393,2046,0.0741570585561,2076,0.0363171603432,286,252,565
"grape","Nouns",548.741585648,0.761002369326594,4,5.875,431,0.476275643523,102,0.124346589024,103,0.132887695794,591,611,532
"gray","Adjectives",524.484444444,0.363839601301364,3,5.5,250,0.43502494812,64,0.341294265447,58,0.356279839877,541,471,531
"green","Adjectives",549.46587963,7.11791271542668,4,5.177019,3989,0.185558498464,767,0.257890457685,1338,0.0728623212697,609,460,583
"gross","Adjectives",585.431840278,0.546679236815374,4,5.191489,373,0.436141544872,120,0.156116636806,68,0.229958020953,NA,NA,NA
"guava","Nouns",532.65337963,0.061081431031632,5,4.5,47,1.40367540121,8,0.278777751311,11,1.22032994748,NA,NA,NA
"gum","Nouns",524.703425926,0.310206345872127,3,5,238,0.57388842038,33,0.116077192137,41,0.89666612479,NA,NA,NA
"gunk","Adjectives",681.404409722,0.0567574674714668,NA,6,54,1.36890487625,9,0.633252714894,7,1.69691690236,NA,NA,NA
"hair","Nouns",521.819409722,2.25545105434908,3,6.300781,1361,0.268074937891,320,0.098834615386,342,0.164305261856,580,583,575
"hammer","Nouns",498.576446759,0.118984053457829,4,4.266667,79,2.91175908738,19,0.211366731675,30,1.14357848218,618,605,515
"hand","Nouns",550.432488426,8.15729986361579,4,6.331648,6319,0.103422438055,1236,0.0610933882611,1321,0.030235303083,598,604,601
"handle","Nouns",609.575752315,0.391472050775322,6,7.326923,378,0.372427755703,107,0.0996009331935,62,0.0904125827146,NA,NA,NA
"happen","Verbs",626.417488426,1.25998292269919,5,7.748571,974,0.189889142458,NA,NA,214,0.0785873839872,NA,NA,NA
"happened","Verbs",595.801481481,7.13553106829708,6,4.493151,5484,0.0437105745577,2056,0.0196116816896,911,0.0273883680882,NA,NA,NA
"happy","Adjectives",534.668344907,3.79518585006128,4,5.653753,2988,0.123045064153,636,0.0592692842498,587,0.0721145983039,511,355,621
"hard","Adjectives",560.605023148,4.16981590541577,4,7.227679,3062,0.0754867311073,848,0.0467767658409,584,0.0342322409299,460,425,595
"has","Verbs",721.602083333,12.3277626330033,3,7.47888,14961,0.023734517815,3201,0.0397860314133,2774,0.0131969581659,271,267,585
"hat","Nouns",325.679201389,1.80640551661915,3,9.309859,215,1.83185816104,28,1.9413511061,83,1.16501245925,562,601,580
"have","Verbs",558.443287037,62.8371407370846,3,7.815659,57493,0.0196175749559,5874,0.0485458828105,9581,0.0178845818329,271,251,597
"he","Closed class",542.559965278,153.568130776794,2,7.481315,100997,0.0234741313455,5135,0.118255764726,17934,0.0563396670857,452,399,604
"head","Nouns",617.799074074,4.05842157134006,3,7.089347,3203,0.0771684274982,946,0.0506377808661,764,0.0410678113642,593,603,611
"heart","Nouns",508.69212963,1.7702754888549,4,5.195652,796,0.457873571711,211,0.58149509762,239,0.0924575289857,617,605,578
"helicopter","Nouns",654.680277778,0.968506945530491,9,3.276423,525,0.458282341876,120,0.123657015803,178,0.182457193815,NA,NA,NA
"hello","Other",556.735104167,12.5725719081287,4,2.576828,12525,0.0715890515283,1904,0.0991337867356,2437,0.0465640511939,NA,NA,NA
"help","Verbs",493.645104167,5.15878203732308,4,5.52459,3331,0.0994191330577,716,0.0317331935642,623,0.0626013732197,464,320,594
"her","Closed class",634.680891204,12.8955112460429,2,7.642359,13616,0.0550880295808,2123,0.0692575880941,2546,0.0295775139847,464,419,569
"here","Closed class",569.791296296,92.8838559083161,3,5.148763,95589,0.0297718140034,7575,0.0464912274617,15956,0.0297552844101,278,285,599
"hey","Nouns",346.394212963,50.8318006200404,2,3.459486,6377,0.0945417398532,1041,0.230405808471,1512,0.0680691609704,NA,NA,NA
"hi","Other",466.497476852,19.8165891482547,2,2.986809,13222,0.179717788817,2789,0.0856533476571,2459,0.0667524449674,NA,NA,NA
"hide","Verbs",524.439155093,1.94567946197183,3,6.188341,1994,0.174544934928,326,0.0924901510121,371,0.0629668385122,430,451,515
"high","Adjectives",524.824675926,5.56164718508984,2,6.112518,3815,0.168479610059,668,0.2041779929,960,0.126860099148,463,371,612
"hippo","Nouns",577.382094907,0.272552168436016,4,8.878049,85,1.69269752657,28,0.482080319481,56,0.418206023874,NA,NA,NA
"hit","Verbs",595.377708333,1.60836182712862,3,7.519824,1531,0.129745356961,491,0.0472737135601,286,0.0627489268775,NA,NA,NA
"hockey","Other",641.676875,0.883537921926891,4,5.926829,1181,0.501493338789,69,0.243088333701,131,0.572614745324,593,535,514
"hold","Verbs",550.762071759,10.9279138824743,4,6.026508,7177,0.0522956581689,1630,0.0551380509508,1555,0.0267468356936,416,416,596
"home","Nouns",560.576168981,5.72293596451915,3,7.803101,4767,0.0822276354511,951,0.183267452713,859,0.0698519619339,599,539,626
"honey","Nouns",519.471076389,1.10877107368448,4,5.44898,1040,0.164997497175,215,0.0470423147496,139,0.119227421136,608,611,533
"hood","Nouns",627.763090278,0.144434416669015,3,7.769231,163,0.881881616055,26,0.531549541637,32,0.888634349081,558,547,510
"hop","Verbs",525.65349537,0.424929802941281,3,6.362069,170,1.50805945164,54,0.755493022929,101,0.587750867868,554,494,432
"horn","Nouns",654.684328704,0.530595533454705,4,6.204545,363,0.701613274976,84,0.795830404572,98,0.21605757114,566,618,498
"horse","Nouns",559.403530093,5.43114814085882,4,4.873144,2550,0.278639904229,487,0.47280148284,1097,0.149415792293,624,613,560
"hot","Adjectives",509.923831019,3.21318457803829,3,6.120755,2186,0.136843819657,411,0.0771388655705,366,0.17344697313,551,507,607
"house","Nouns",534.722523148,5.41191481330415,3,7.349558,3804,0.143564585714,695,0.150513159909,842,0.0836629899509,606,608,600
"how","Nouns",532.397465278,32.1276076891057,2,6.547541,26811,0.0345874297813,3681,0.0487226956582,4829,0.0270588551556,230,195,593
"hug","Verbs",577.689641204,2.76681542788509,3,4.822394,1985,0.326750729235,358,0.108378317294,438,0.108276062827,NA,NA,NA
"hungry","Adjectives",557.75806713,5.93809340343657,6,4.67701,4948,0.0778182882791,893,0.0789298419894,888,0.0632891911088,503,439,591
"hunter","Nouns",610.311446759,0.0397851900045012,5,5,53,1.32112840944,6,0.400461311969,5,1.21867773906,564,535,428
"hurt","Adjectives",573.670960648,2.63337702548185,3,6.132492,2592,0.143217297641,779,0.0605569604601,445,0.0885883621995,465,368,579
"ice","Nouns",536.856296296,5.96923409488439,2,5.891185,5226,0.195977441471,505,0.167153026192,929,0.263423314131,635,621,564
"if","Closed class",667.536666667,32.5921545103264,2,9.445035,36804,0.0211263183502,5433,0.0738684423215,5824,0.0154721619025,228,204,607
"igloo","Nouns",583.409247685,0.0432332480429786,4,1.888889,18,3.1488074826,NA,NA,11,2.51145621071,NA,NA,NA
"in","Closed class",491.663819444,87.467327922067,2,8.073115,56593,0.03681495411,4653,0.0692749099804,10913,0.0193368463211,334,278,616
"inside","Nouns",594.369409722,3.26857494280076,5,6.250564,3027,0.0941997265291,703,0.0196535990606,568,0.0311000343631,371,NA,611
"is","Closed class",544.777222222,175.756671620486,2,5.571422,130105,0.0236497276157,7474,0.0896320467359,29303,0.0507320435781,230,223,627
"it's","Closed class",577.324224537,95.976651363976,3,6.232524,71153,0.0200352383876,NA,NA,14222,0.0208903299421,NA,NA,NA
"jacket","Nouns",560.393576389,0.343849021406946,5,7.411765,297,0.639797375797,64,0.180101210563,43,0.362772225416,611,635,596
"jean","Nouns",572.402847222,0.244486652946637,3,5.30303,258,0.994789734023,45,0.158799442621,52,0.752999047551,NA,NA,NA
"jeep","Nouns",581.35505787,0.0158259119656061,3,3,NA,NA,NA,NA,1,3.20144943768,659,622,564
"jellyfish","Nouns",560.594548611,0.695701643046885,7,7.007874,335,2.55880920739,30,1.35047980905,158,0.607341862238,NA,NA,NA
"job","Other",592.816701389,11.7148978890971,3,4.220046,10156,0.104900550482,1963,0.200445191074,2572,0.0816545000533,470,432,578
"juice","Nouns",495.684016204,3.25429733284549,3,5.412,2206,0.262353765321,275,0.175923542966,341,0.149267897491,593,599,567
"jump","Verbs",497.467581019,1.20658849162309,4,5.423729,646,0.458311129775,396,0.703309653004,210,0.170078058239,506,449,551
"jumping","Verbs",607.819212963,0.838064212375436,6,7.25,793,0.455175691583,NA,NA,210,0.169185424302,NA,NA,NA
"just","Closed class",676.395972222,69.6199316153419,4,8.267721,77801,0.0185641457401,7753,0.0889945656499,11658,0.038140239322,221,257,540
"keep","Verbs",567.852962963,4.76244154336753,3,7.318792,4693,0.0720162392355,1178,0.0297094475607,789,0.0367485955846,284,339,584
"key","Nouns",526.578171296,1.16429580074291,2,4.79661,773,0.653104694186,147,0.0947230113821,173,0.0989930205658,618,612,603
"keyboard","Nouns",667.850219907,0.148309402015257,6,9.178571,117,1.03276855531,35,0.231045579996,33,0.418107285243,NA,NA,NA
"kick","Verbs",494.761608796,2.61866787111113,3,5.122449,2273,0.457500661207,227,0.269495486036,275,0.267736111877,551,485,563
"kid","Adjectives",604.465104167,4.40571264257201,3,7.888686,3618,0.0683712590717,1059,0.107694739504,647,0.0947742922151,525,536,559
"kind","Nouns",617.688888889,5.71616917026442,4,8.510724,5051,0.0623913270621,1286,0.125464565942,872,0.0634645001508,383,323,575
"kiss","Verbs",530.7840625,4.8556919611739,3,4.596273,2891,0.161649027488,581,0.0937623437863,775,0.0700226618767,633,564,592
"kitchen","Nouns",574.415914352,1.57045456945316,5,7.375635,2078,0.155025096769,307,0.0592804762019,253,0.0748609684297,NA,NA,NA
"kite","Nouns",550.376793981,0.250705904419544,3,7.138889,121,1.50246064538,18,1.79634942711,40,0.622299128279,624,592,481
"kitty","Nouns",555.690578704,1.86868625909578,4,4.288538,1036,0.391418965773,170,0.527111225976,376,0.263997664447,NA,NA,NA
"know","Verbs",697.444768519,77.0438992901291,2,8.082406,81093,0.0139823931479,9014,0.0651988325908,13543,0.0118887671425,278,274,605
"krispies","Nouns",630.391365741,0.14678586286278,7,5.428571,37,1.51791400127,10,1.02254469497,7,1.28718363789,NA,NA,NA
"ladybug","Nouns",594.691655093,1.48664098812803,7,5.494118,1073,0.56819168527,113,0.870753311096,294,0.281214011447,NA,NA,NA
"lamp","Nouns",557.722361111,0.334220324770704,4,6.648148,468,0.798091807048,40,0.223985523701,63,0.514759479889,575,615,578
"laundry","Nouns",556.463043981,0.740272866095607,6,6.884211,1156,0.337543891627,143,0.0937581033236,124,0.165298409039,559,576,502
"leaves","Nouns",594.892615741,0.864139114715859,4,6.775,724,0.398087011608,1428,0.0283241805441,149,0.0747247229117,NA,NA,NA
"let","Verbs",584.337546296,58.6179862246652,3,5.79583,75622,0.0522172446256,6520,0.0712254626555,10598,0.0168989078807,NA,NA,NA
"letter","Nouns",564.79787037,1.7560100742006,4,7.023392,1018,0.248914885628,232,0.390437482008,279,0.1510862251,595,577,610
"lie","Verbs",584.855590278,0.833270295935214,2,6.326316,661,0.328140623563,172,0.154534137052,125,0.152405071229,385,357,548
"light","Nouns",520.428611111,5.14273589576573,3,5.266436,7783,0.505910747372,606,0.163464257471,934,0.090471443847,542,550,575
"like","Verbs",585.763645833,102.861699013375,3,7.716429,79246,0.0278134009717,6463,0.0939013623986,15005,0.0394341110933,352,286,610
"lion","Nouns",581.717418981,1.62420378369016,4,4.502463,1086,0.253674901192,173,0.306292147875,292,0.190897399174,626,627,511
"listen","Verbs",649.80962963,8.0716090058168,5,4.464865,4887,0.0521940826322,1567,0.0602173810117,1030,0.0529390420304,378,408,543
"little","Adjectives",680.698425926,47.8037165724488,5,6.809184,56834,0.0199175220069,6847,0.0678955694666,10937,0.014960610479,502,378,594
"living","Nouns",638.542152778,0.911139789129253,5,8.372414,1244,0.174128566117,678,0.479513583838,174,0.110774718528,NA,NA,NA
"look","Verbs",525.862488426,58.1769169937798,3,5.645754,32322,0.0459319746344,4787,0.0506994757215,8151,0.0392903521153,395,376,607
"love","Verbs",560.700497685,11.1864943783439,3,5.571882,9529,0.0798538005062,1927,0.0857269555173,2114,0.0742063012163,569,311,619
"macdonald","Other",618.347361111,2.34216354628527,9,5.72973,2318,0.404910997011,197,1.05361999497,597,0.266409315326,NA,NA,NA
"mad","Adjectives",629.703553241,1.24837556551936,3,6.692308,967,0.151480396862,307,0.0457479142948,189,0.170501312586,479,308,590
"make","Verbs",607.779444444,19.8280393559539,3,7.514918,22476,0.0338480339582,3531,0.0274337861508,3574,0.0116409809437,322,299,618
"mama","Nouns",274.900277778,7.70413682209302,4,5.3,96,0.926217257798,11,0.506737403423,15,0.747408822554,NA,NA,NA
"man","Nouns",573.556516204,11.8892115370894,3,4.876703,11028,0.0380799553524,1911,0.163456169326,1870,0.0239123505514,567,618,623
"mango","Nouns",489.851863426,3.69063003359022,5,5.17737,2172,0.423570441043,213,0.257845885071,505,0.351611267882,NA,NA,NA
"many","Adjectives",638.701412037,13.2107775386746,4,5.925469,11215,0.052636595738,2232,0.15788576971,2626,0.045003827487,393,276,599
"master","Adjectives",593.459143519,1.02409310714688,5,5.953947,1006,0.275073149166,204,1.10240535163,293,0.285684540401,495,498,495
"me","Closed class",519.740324074,60.7675298160961,2,6.618684,43992,0.0261754432057,4991,0.0570920755352,9020,0.0282700575202,430,511,607
"mean","Verbs",594.373634259,9.72967184196578,3,8.30338,8465,0.0372259733822,2140,0.107718468453,1394,0.0608103205614,419,313,539
"medicine","Nouns",583.380081019,2.04394559701518,7,6.362903,2333,0.142295208159,325,0.0824476810659,299,0.517402795211,551,517,547
"meow","Nouns",455.783854167,4.03142828647629,3,2.994652,1058,0.37909692747,141,0.678890108508,400,0.144259848555,NA,NA,NA
"messy","Adjectives",631.873460648,0.248165467123673,4,5.5,303,0.308626034067,61,0.103447159532,41,0.21018084148,NA,NA,NA
"milk","Nouns",489.535231481,9.90490085761491,4,6.480047,7147,0.0943645521041,904,0.113584629096,1102,0.0772236489138,638,670,588
"mine","Closed class",462.788368056,1.11208079905995,3,6.012987,478,0.328987855676,146,0.187362974555,108,0.0867059433699,522,452,557
"mix","Verbs",583.722696759,2.10058681521499,4,6.29,1395,0.220123213957,363,0.202424483889,499,0.234462380789,NA,NA,NA
"mobile","Nouns",693.35005787,0.0899726294594598,5,7.5625,64,1.34124285346,24,0.24544366175,17,0.478279311747,NA,NA,NA
"monkey","Nouns",550.40400463,10.0448441748943,5,4.128704,8780,0.0530517363164,1233,0.325632057927,1775,0.0406951933868,588,566,531
"moo","Nouns",396.774849537,2.12902702758872,2,3.05814,373,0.922210778711,58,1.23489388232,205,0.78061174295,NA,NA,NA
"moon","Nouns",450.349178241,5.5720585220707,3,5.847938,902,1.31134687218,262,0.983074273105,487,0.36693052273,585,581,585
"moose","Nouns",577.611342593,0.020025518249169,3,12,NA,NA,5,0.544082987168,2,2.51145621071,604,616,518
"more","Closed class",401.786956019,23.521481473272,3,5.51437,7281,0.12976142807,1140,0.114889061696,1829,0.086539118595,264,284,612
"motorbike","Nouns",645.581493056,0.0327445142267609,7,5.666667,6,4.63548248382,8,0.544977740894,5,1.65083118519,NA,NA,NA
"motorcycle","Nouns",624.616238426,0.277575348729352,9,4.391304,163,0.893110296796,49,0.278570450761,59,0.202601616129,NA,NA,NA
"mouse","Nouns",531.471342593,5.57438973909296,3,6.386157,2514,0.282898953346,341,0.86200446211,888,0.16073071143,615,624,520
"mouth","Nouns",529.536493056,9.47802774971758,3,5.963385,6661,0.149847711633,1059,0.136512606167,1584,0.0730321207304,613,568,572
"move","Verbs",563.488472222,3.67064479992554,3,6.957965,3343,0.0792200711992,949,0.0442112013089,700,0.0536059709217,413,390,572
"moving","Verbs",578.855034722,1.1009137067371,5,6.647059,846,0.186830954587,NA,NA,192,0.0884691464553,NA,NA,NA
"music","Other",571.707835648,3.26332249666423,6,4.885135,2419,0.244062350936,491,0.0984584690288,624,0.0903041995346,549,512,599
"my","Closed class",533.431423611,35.5462481126221,2,6.463017,29388,0.0271007097317,3927,0.0622101442188,5495,0.0108310587826,298,253,612
"neat","Adjectives",592.641006944,0.633585790309692,3,4.741935,483,0.324815589957,150,0.126078913909,114,0.0857115485013,495,314,528
"need","Closed class",651.750243056,14.1986971588686,3,7.718036,19915,0.0259071316621,3700,0.0269436508409,2749,0.0179170078967,327,314,589
"neigh","Nouns",436.524409722,0.887818523526937,NA,3.225806,157,0.925615586597,54,0.721066695604,85,0.501296325904,NA,NA,NA
"nemo","Nouns",547.802951389,0.825755323416382,4,3.625,612,0.37819389102,57,0.199736335012,94,0.275176476403,NA,NA,NA
"nice","Adjectives",571.718530093,21.1352807542084,3,4.483269,17071,0.043427533589,3370,0.0516373207005,3818,0.0566738555575,375,279,583
"no","Other",321.790763889,105.619990122196,2,4.220506,7097,0.123156998789,904,0.174771830442,2796,0.214899787438,361,318,605
"nope","Other",555.379907407,2.1299674099443,3,3.713568,1473,0.12062207818,382,0.0516174391416,386,0.124393584,315,270,481
"nose","Nouns",539.429467593,5.08735018031321,3,4.526012,2471,0.190782713894,511,0.186918168671,897,0.0635229384091,605,628,584
"not","Closed class",600.46130787,69.4792925246372,3,7.168602,59425,0.016258101968,NA,NA,11136,0.0179563433351,253,273,565
"now","Nouns",628.539189815,44.2068285304308,2,6.929311,47960,0.00844896776047,6818,0.0110382834418,8073,0.00309651693535,276,309,605
"octopus","Nouns",545.414409722,0.626985922566659,7,4.27907,383,1.02216498148,72,0.303098272999,131,0.311961269413,NA,NA,370
"of","Closed class",657.467349537,77.5630493354291,2,8.568013,81024,0.0269418524043,NA,NA,15115,0.015681958193,217,180,598
"off","Verbs",492.367824074,10.077321089962,2,6.71926,8967,0.177835403075,1289,0.0628211722513,1277,0.0318109435617,326,281,608
"oil","Nouns",560.882824074,1.25863709016159,2,6.189189,863,0.422619659369,206,0.140006477689,174,0.121742275985,573,581,548
"oink","Nouns",595.687303241,3.67866968448226,NA,4.953307,954,0.427145426449,166,0.836935007326,857,0.220922455109,NA,NA,NA
"ok","Other",382.872939815,58.0059112892683,3,4.534015,14642,0.0631003573844,1755,0.084402860934,2556,0.0857654574626,NA,NA,NA
"old","Adjectives",576.843564815,7.44021023244787,3,6.537106,5456,0.196255995807,861,0.502647498404,1386,0.109756711184,478,349,616
"on","Closed class",476.710486111,91.2287843143902,2,6.45299,55584,0.0686119662625,5157,0.0854567791656,10562,0.0307968895404,268,262,614
"one","Closed class",528.632291667,86.3580256470776,3,6.01217,54858,0.0341696166344,NA,NA,12206,0.0136179819876,432,379,613
"open","Verbs",557.463888889,11.4252814748947,4,5.004487,9267,0.12410399673,1542,0.13680580552,2391,0.102359657956,425,381,581
"orange","Nouns",502.438159722,3.5785677543563,5,5.5,2351,0.158330251795,360,0.266772335489,462,0.121134452179,626,601,567
"other","Closed class",567.847800926,11.5318479205933,3,7.931105,9241,0.0482336801789,1989,0.0531625930094,1835,0.0427634714133,265,275,581
"ouch","Nouns",519.646331019,0.544098910555706,2,2.181818,308,0.393098627751,98,0.0820395517025,83,0.266101008387,NA,NA,NA
"our","Closed class",563.40125,7.41911407061781,2,7.278592,7688,0.0749776062253,1343,0.0827077933476,1449,0.041907960367,315,245,602
"out","Closed class",446.764490741,24.5875321349065,2,7.744809,11999,0.0925650609166,1791,0.110799993608,2419,0.0403047694201,330,249,608
"outside","Nouns",567.46650463,3.60862774981892,5,6.061125,4491,0.14276083642,651,0.0712329753398,543,0.0473694357666,419,NA,607
"over","Adjectives",573.368078704,14.7520336352606,3,6.52,13304,0.0474428820743,2541,0.105813383908,2568,0.0357345637011,327,287,589
"ow","Nouns",478.686712963,3.9799362253762,1,2.713656,1928,0.156452009951,358,0.187565708097,496,0.12327340779,NA,NA,NA
"owl","Nouns",534.45099537,0.769933959192331,2,4.063158,371,0.666776198802,79,0.553468660844,133,0.26662217549,595,614,477
"pail","Nouns",542.710648148,0.0904673218041092,3,6.75,48,1.29815230956,19,0.376122226202,22,0.488119137217,508,538,453
"pajamas","Nouns",578.679444444,0.450995323714859,7,5.395349,250,0.820194190549,91,0.229205280757,58,0.597042103676,NA,NA,NA
"pancake","Nouns",545.401921296,0.649408048072375,6,5.526316,697,0.568949297666,66,0.293954088206,90,1.08864232706,NA,NA,NA
"panda","Nouns",558.902430556,0.39258148236699,5,5.170213,178,1.00225259871,30,0.514362314655,67,0.852738122459,NA,NA,NA
"pant","Nouns",494.841793981,3.04117627203187,4,6.171429,1570,0.406809885046,312,0.142063859772,346,0.108879043499,NA,NA,NA
"paper","Nouns",556.813090278,1.31537273222432,4,6.574194,1323,0.204726762188,216,0.0851539251362,206,0.130486680837,590,599,635
"park","Nouns",512.762905093,0.559719611121437,4,7.823529,316,0.423818757242,121,0.18908114102,70,0.113852662589,573,579,571
"party","Nouns",577.384965278,0.929875099913344,5,7.065934,616,0.277550344491,171,0.162477428858,117,0.180065303905,596,496,619
"pasta","Nouns",542.680486111,1.04049055994547,5,5.286885,753,0.343331388487,124,0.192679523804,156,0.415611282877,NA,NA,NA
"paste","Nouns",617.874236111,0.0990505999671294,4,6.636364,73,1.03431787458,133,0.0909179235945,16,0.858661186119,529,559,504
"pea","Nouns",518.810023148,2.52625988170594,2,4.205674,1715,0.432111160591,180,0.254691841001,404,0.520090250372,568,614,524
"peach","Nouns",525.415821759,2.06865004087796,3,4.36965,1832,0.479360872744,170,0.221379643174,381,0.310143707947,613,617,536
"peacock","Nouns",609.596111111,0.239218450071298,5,4.795455,130,1.15067428782,27,0.828981425961,71,0.726192244822,NA,NA,NA
"pear","Nouns",526.787581019,2.25456264527445,3,4.785714,1833,0.340285997763,221,0.234394707702,375,0.117803875924,590,634,567
"pee","Nouns",520.435023148,3.55495349368495,2,4.797814,1512,0.452419053256,359,0.298175478253,607,0.183182427384,NA,NA,NA
"pencil","Nouns",675.409363426,0.109142589591051,6,7.117647,93,1.24528025778,31,0.248892773737,19,0.988567646667,607,617,598
"people","Nouns",572.648275463,5.77330203995655,5,7.972405,4702,0.0779811358691,903,0.172689267515,942,0.0885998116459,548,540,628
"phone","Nouns",492.790219907,3.68014555125453,3,7.585799,2491,0.21246480707,387,0.274845517893,519,0.1604287419,587,624,550
"pick","Verbs",569.726944444,4.63368772450487,3,7.347122,4635,0.0757273737437,1010,0.0282379307385,866,0.0793726217794,513,502,524
"picture","Nouns",569.472685185,4.11093520888603,5,7.235412,2754,0.152827518934,627,0.123015954519,653,0.0651296155803,581,579,597
"pie","Nouns",495.401712963,1.03128702087901,2,5.413534,765,0.53619835245,89,0.717813905082,212,0.544362407531,604,613,576
"piece","Adjectives",563.744224537,2.79042516250139,3,6.969101,2480,0.164739203707,621,0.0986300208711,424,0.123479700864,395,384,511
"pig","Nouns",476.463252315,12.5799620859167,3,4.321162,5750,0.172484555053,473,0.511722916303,1772,0.207563267449,635,614,509
"pillow","Nouns",557.448402778,0.810621531877463,4,4.138614,642,0.714253512807,96,0.263691858171,132,0.107810513652,624,613,602
"pink","Adjectives",518.88005787,1.20074804991341,4,5.8875,504,0.523324473681,164,0.215839338327,222,0.254124774206,NA,NA,NA
"pizza","Nouns",599.761180556,1.037944591285,5,6.089431,1126,0.322594576893,139,0.17893355371,161,0.513501298909,NA,NA,NA
"place","Nouns",606.448483796,4.38316582928044,4,7.992819,3183,0.112405018702,859,0.239038989898,664,0.0557711487538,377,427,612
"plane","Nouns",560.5525,1.18371427826223,4,4.266667,1281,0.213029221492,171,0.0967758315683,204,0.127813690837,556,535,558
"plate","Nouns",635.666377315,0.777077825869754,4,6.80198,1047,0.384866463621,188,0.140377961841,127,0.204571786302,527,595,556
"play","Verbs",493.440497685,18.2080880879499,3,6.315955,14810,0.0812070195903,2177,0.210594662704,2268,0.0439503822156,498,468,586
"play-doh","Nouns",680.47900463,0.218563408146313,NA,7,409,0.429103009178,32,0.184659653702,43,0.926270427784,NA,NA,NA
"please","Other",533.710462963,6.45305900223407,4,4.531609,5443,0.0594605710796,1033,0.0940300683994,984,0.0601078102537,NA,NA,NA
"plum","Nouns",578.714675926,0.498831138996132,4,4.282353,559,0.472371659149,82,0.368863828639,132,0.212417965327,611,632,547
"police","Nouns",573.669525463,1.15236154866861,5,4.255319,705,0.379170981492,104,0.310606986618,174,0.190847099128,NA,NA,NA
"poop","Nouns",534.406724537,7.31794487455596,3,5.169466,6893,0.329933181512,762,0.138496184279,1038,0.0536867996693,NA,NA,NA
"pop","Nouns",489.8778125,1.73821376956207,3,5.131148,775,0.353657778141,217,0.801959580119,224,0.171447391621,NA,NA,NA
"popsicle","Nouns",692.376215278,0.0145454123953033,8,8.5,NA,NA,5,0.88931226313,3,1.39916215332,NA,NA,NA
"potato","Nouns",509.84337963,2.18405935943028,6,5.897561,1713,0.300590272105,242,0.200532021598,268,0.160508190654,617,629,612
"press","Verbs",576.698796296,10.1914793135476,4,3.6926,5037,0.49602981269,556,0.950792746168,1459,0.11806449309,NA,NA,NA
"pretty","Adjectives",393.636689815,3.31706714278763,5,6.204082,1168,0.261385210149,290,0.11535136074,260,0.146705735093,520,341,584
"prince","Nouns",494.772881944,0.214543814297433,5,5.2,143,0.898868477298,21,0.352149239011,29,0.648335030896,606,542,506
"puck","Nouns",518.685543981,0.00993139425488012,3,18,NA,NA,NA,NA,1,2.41685721122,370,472,281
"pull","Verbs",555.844097222,2.88993126612232,3,5.869688,2064,0.145955453261,646,0.0543321660604,532,0.0829074466164,446,360,565
"puppy","Nouns",528.716458333,0.615447284957529,4,3.616438,389,0.500300395702,73,0.584867327152,108,0.194258399884,635,623,522
"purple","Adjectives",496.843402778,1.65687259663322,5,6.152174,597,0.575623291925,173,0.576827464336,285,0.230521360629,NA,NA,NA
"push","Verbs",559.367939815,6.99533614445157,3,4.398844,5520,0.2440425789,892,0.182936156936,1582,0.119516146865,395,NA,564
"put","Verbs",508.745601852,30.7813165674906,3,7.393192,27696,0.0366020980873,3073,0.0419453985755,4503,0.0250092894695,263,287,539
"puzzle","Nouns",542.773310185,1.01752096903789,5,4.809091,949,0.282298240475,84,0.286629808831,157,0.581737204303,510,449,486
"race","Other",563.702881944,0.889705661912989,3,5.232394,693,0.436799527572,101,0.426603183609,187,0.496747490448,457,463,543
"racecar","Nouns",563.702939815,0.0629508597733683,NA,4.75,19,2.11339438652,11,0.366230320323,7,1.60657594183,NA,NA,NA
"radar","Nouns",583.491851852,0,5,0,NA,NA,NA,NA,1,2.51145621071,NA,NA,NA
"radiator","Nouns",608.300393519,0.0873246812886333,7,7.1,55,1.11268092956,18,0.309539788112,10,1.30864332774,NA,NA,NA
"rain","Nouns",574.734305556,3.26698019366263,3,7.514911,2322,0.374753954693,377,0.45197753191,743,0.2033255818,618,600,604
"rainbow","Nouns",569.696898148,1.04032095356128,5,6.381818,855,0.46292434595,96,0.53589897567,243,0.36714577735,604,NA,431
"rake","Nouns",616.291435185,0.337614015734303,3,8.090909,150,1.28677778572,40,1.42375223673,81,0.541175357321,550,597,476
"read","Verbs",569.698622685,7.68517217695624,3,6.831337,9098,0.0929059194757,1085,0.118875694029,1401,0.0222055823452,499,420,568
"ready","Other",574.753773148,14.3851059581316,4,4.050524,15252,0.0638509555404,2036,0.0991409843232,2887,0.0525617398822,NA,NA,NA
"really","Adjectives",630.426990741,23.872511648632,4,6.596786,19839,0.0248136153535,3932,0.0802685408758,3583,0.0298631511995,246,NA,562
"red","Adjectives",506.673043981,7.74269881187969,3,5.392453,4582,0.106802079482,789,0.229492745075,1190,0.0515977525543,585,501,607
"remember","Verbs",618.726400463,5.92485849289146,7,7.123206,5690,0.0452946697141,1336,0.0482426972407,1019,0.014825120964,NA,NA,NA
"rice","Nouns",579.408680556,1.39754526282664,3,5.770701,1302,0.586749600403,214,0.20488600973,193,0.574700766127,506,608,548
"ride","Verbs",577.484756944,0.737245444576675,3,7.679612,851,0.3998195174,186,0.130011032519,150,0.078264036509,483,424,576
"right","Adjectives",560.509699074,60.1450318222109,3,5.276053,45738,0.0204409765107,5895,0.0367209846517,8051,0.0154071585845,372,361,599
"ring","Nouns",556.814849537,1.0144641849068,3,5.555556,723,0.380776019261,177,0.0570809139263,175,0.168902946451,601,593,589
"robot","Nouns",576.828703704,0.357372422935333,5,6.7,305,0.435147940185,60,0.175879886189,68,0.294815720783,NA,NA,NA
"rock","Nouns",524.815787037,0.964117471969014,3,6.56,515,0.401863529941,127,0.350503923938,151,0.0975502842905,612,600,583
"rocket","Nouns",551.430740741,0.0832523015896522,5,5.666667,5,4.84398604319,9,1.11811565002,11,1.84713586849,612,645,525
"room","Nouns",599.717534722,3.9880320507091,3,8.051282,4607,0.128390960016,835,0.0657441270228,660,0.0245286365301,545,566,627
"round","Adjectives",557.388668981,15.9369922023961,4,6.860717,5576,0.394174339981,530,0.708303307016,3596,0.203878739093,559,438,563
"row","Verbs",483.808553241,0.613447595042119,2,5.487179,335,0.621253691076,44,0.695693971236,118,0.20956296478,NA,NA,NA
"rumble","Adjectives",627.774548611,0.0171940180711454,6,12,NA,NA,8,0.351449056537,3,1.71173170641,494,407,476
"run","Verbs",556.461597222,2.65552726498776,3,7.199234,1766,0.187662259603,655,0.068333805778,438,0.189451965375,NA,NA,NA
"running","Verbs",585.833263889,1.78222735353945,5,7.007812,1969,0.121386110955,NA,NA,311,0.0493857830384,490,444,571
"MOTHERNAME","Nouns",556.843912037,7.45726756938187,NA,6.421053,7348,0.0595888828331,1265,0.122758803329,826,0.0823773080046,NA,NA,NA
"said","Verbs",605.39025463,17.4306554397912,3,7.68404,14299,0.0862203789461,2773,0.098821421763,3122,0.0112191822497,313,306,600
"salad","Nouns",654.806099537,0.795639462984958,5,7.171717,974,0.295432610663,159,0.270432002311,116,0.469803757877,623,595,554
"sandal","Nouns",593.464328704,0.0609116155889844,6,4.875,72,1.11829164047,11,0.441133867786,8,0.725406148408,613,609,494
"sara","Nouns",682.773703704,0.294748049736362,4,6.163636,480,0.342028267187,62,0.125854887262,66,0.235822248049,NA,NA,NA
"say","Verbs",617.672094907,50.0711263111005,2,5.654984,39789,0.0332344040724,5929,0.0540048333418,9340,0.0313431116168,NA,NA,NA
"scared","Adjectives",635.376111111,2.22536744358677,5,6.257463,2376,0.165182906735,656,0.0362894484448,389,0.0506062823987,NA,NA,NA
"school","Nouns",582.748287037,1.65030775437005,4,7.117978,1211,0.259804480697,243,0.205314211097,262,0.0625214591446,599,573,582
"scoop","Nouns",545.809780093,0.447198043847294,4,5.76087,263,0.627614128227,81,0.145891390088,58,0.391298078722,NA,NA,NA
"sea","Nouns",583.5309375,1.86222991066711,2,6.875648,1292,1.54313503018,167,0.973698811349,529,0.486709793464,606,596,537
"seat","Nouns",579.422037037,0.907767609306809,3,6.32,1124,0.214748525972,185,0.0385809215798,173,0.11292977166,574,568,597
"see","Verbs",578.675601852,52.3759825874217,2,6.109538,49254,0.0337830182729,5828,0.0538001027279,9984,0.0228207550702,379,352,625
"seed","Nouns",656.405300926,0.197284700595726,3,6.538462,149,0.883299928942,48,0.197104207592,30,0.270096056646,542,611,514
"sense","Other",618.578206019,0.999079206924923,4,8.452055,1045,0.181954093479,258,0.153190381321,162,0.111606415123,368,316,583
"set","Verbs",652.440324074,1.95487920744907,3,7.794643,2373,0.120156311848,573,0.164449557945,444,0.0677585402559,NA,NA,NA
"shake","Verbs",557.656840278,2.19436146129483,3,6.166667,581,0.409891301497,147,0.147056148815,330,0.243209360224,NA,NA,NA
"shark","Nouns",535.339016204,0.292979676115855,4,4.5,244,0.837384174562,42,0.232388549866,55,0.487784718987,602,611,516
"she","Closed class",595.406041667,26.2802147136911,2,7.503569,20561,0.0490835644212,2470,0.112175113014,4245,0.0438560921136,474,406,599
"sheba","Nouns",580.490763889,0.00793519769224941,4,1,NA,NA,NA,NA,1,2.61874419767,NA,NA,NA
"sheep","Nouns",547.789074074,10.5666501107612,3,4.010054,5911,0.180189875763,828,0.617517805389,1981,0.0697935400818,596,622,507
"shine","Verbs",569.702407407,0.279606763979505,3,7.428571,188,0.947897843198,246,0.687810064863,64,0.198116924491,NA,NA,NA
"shirt","Nouns",493.724398148,1.7189762581008,3,6.258278,1144,0.292743346788,208,0.107947178203,192,0.0711411840647,612,616,612
"shoe","Nouns",524.656446759,3.50986438605277,2,4.869436,2879,0.336928919516,294,0.292126653162,500,0.0886263951432,601,600,569
"shower","Nouns",558.878310185,2.01001607861802,3,7.192708,2117,0.193051055176,294,0.110233448943,239,0.44140907398,615,588,593
"shrimp","Nouns",639.788414352,0.20289626686131,5,5.090909,183,0.784528922123,51,0.17234589745,44,0.374652910319,618,629,546
"shut","Verbs",578.710231481,1.10542587457039,3,6.7,900,0.359474636343,139,0.605654408516,224,0.192053200986,NA,NA,NA
"side","Adjectives",567.847800926,2.66469682843993,3,8.108392,2043,0.135508079247,530,0.0824635025674,343,0.0987705559946,386,394,566
"silver","Adjectives",558.722546296,0.311700988089811,5,7.116279,154,0.976724722069,45,0.118569009898,54,0.404436264405,582,564,528
"sing","Verbs",559.339386574,6.5614445238551,3,6.163239,4679,0.169038585473,835,0.363073513512,1228,0.0992082347277,527,421,576
"sir","Adjectives",586.727939815,6.73526240999136,2,4.908819,3848,0.234165412413,559,1.00170258804,1487,0.188937236154,NA,NA,NA
"sit","Verbs",560.393344907,15.2906811444156,3,5.888611,14008,0.0489239555182,1983,0.0410870322465,2261,0.0278966764949,487,437,581
"six","Closed class",493.82287037,6.64079765625229,4,6.71066,3407,0.150690232513,792,0.232940602336,822,0.0459098371003,NA,NA,NA
"skin","Nouns",623.881631944,0.573697742126687,4,6.661972,554,0.460583201304,140,0.0958567991301,86,0.254264458333,638,614,591
"skinny","Adjectives",624.632048611,0.402466159040467,5,5.181818,318,0.639939097526,66,0.108092906045,69,0.839388958389,NA,NA,NA
"sky","Nouns",525.371365741,4.68428736568011,3,6.393365,2667,0.412389455201,481,0.488894194155,850,0.26334018891,618,542,607
"sleep","Verbs",560.642013889,10.1920437851312,4,6.105398,8565,0.121377857742,1434,0.153496739302,1655,0.121756096763,530,484,610
"snow","Nouns",562.3425,1.21433940744965,3,5.725,1148,0.220980443553,155,0.170280356166,226,0.212762682174,597,618,615
"soap","Nouns",590.667303241,0.288037198246314,3,5.72,262,0.768953449221,53,0.134701440248,51,0.440643927279,600,598,594
"soccer","Other",568.800474537,0.292832525490642,4,6.352941,342,0.496422164085,53,0.169539458992,50,0.369702657686,570,524,521
"sock","Nouns",493.410601852,2.46866527938326,3,5.492481,1779,0.360607238421,200,0.301963881748,391,0.197545837264,553,581,578
"some","Closed class",572.403726852,33.2337880514046,3,6.673511,35864,0.048206074488,4142,0.0388987438055,5481,0.0213969650618,302,286,578
"something","Closed class",673.567094907,18.7766296723555,6,7.710861,22854,0.0183047531976,4010,0.051756706075,3396,0.0136980070727,NA,NA,NA
"song","Other",648.809733796,3.39890078710249,3,6.864028,3347,0.113772423621,609,0.263882454386,788,0.0818214464848,578,514,603
"sorry","Other",591.642025463,5.41384959342192,4,4.389277,4491,0.066324530981,1045,0.0218850664926,675,0.0382608963919,NA,NA,NA
"sound","Other",606.446655093,3.93316286119054,4,6.199282,3775,0.071912478949,917,0.0468794561039,701,0.034340120521,497,502,597
"soup","Nouns",533.854988426,1.2160012806885,3,6.21374,1058,0.359083077613,159,0.217830797066,182,0.293886622068,604,615,576
"spider","Nouns",585.448206019,5.53288502445386,5,6.593407,3371,0.372815937467,369,0.542291916077,1239,0.121469187128,597,607,526
"spoon","Nouns",495.840775463,3.47647327285768,4,5.680921,2324,0.326618342182,371,0.33341559072,461,0.118882882258,584,614,612
"squirrel","Nouns",572.656678241,0.256493532702732,6,5.418605,211,1.1497423052,58,0.277699723235,70,0.4798837497,642,612,511
"stair","Nouns",575.73119213,0.479567364626425,4,6.763636,524,0.621898629742,104,0.0842144641909,72,0.228850571907,551,558,560
"stand","Verbs",570.476435185,6.54956080399555,5,5.935302,4225,0.20141455962,723,0.141707528501,1051,0.0865820151203,471,450,564
"star","Nouns",495.391342593,7.56495275573265,4,4.980213,3678,0.203882500933,501,0.385911139448,1044,0.124597405657,623,574,574
"starfish","Nouns",527.365983796,0.215830745843868,7,5.258065,104,1.76373490477,23,0.526577871289,42,0.485665091145,NA,NA,NA
"stick","Nouns",595.871678241,1.68903015269411,4,7.839827,1703,0.176552322426,420,0.038989697426,301,0.0621633870361,517,604,528
"sticker","Nouns",583.403773148,0.220100417295588,5,6.392857,345,0.448933783516,31,0.106704246501,33,0.562879967007,NA,NA,NA
"stop","Verbs",570.854560185,9.35516984621385,4,4.751183,6778,0.0451480388932,1739,0.0386118172085,1447,0.0290824957921,452,308,563
"store","Nouns",576.842418981,1.36518133771815,4,8.028571,1127,0.307304505745,256,0.148298007291,207,0.183558915342,506,548,562
"straw","Nouns",575.722037037,0.290167180624725,4,5.574468,314,0.509166589884,48,0.154136870449,51,0.284745784068,568,603,508
"strawberry","Nouns",556.8396875,0.760781559132741,8,4.963415,572,0.572681785092,98,0.306116507242,108,0.296137141588,631,610,539
"stuck","Adjectives",542.794016204,1.15762389542341,4,5.717742,968,0.254708888789,226,0.0640302394275,180,0.114493348067,NA,NA,NA
"sugar","Nouns",542.883356481,1.78106573990916,4,6.468354,1298,0.484886844168,225,0.160814623479,244,0.278804032285,595,620,608
"sun","Nouns",583.407777778,8.50519925402177,3,5.98622,4600,0.22332216893,682,0.55292808446,1735,0.158041321322,639,617,635
"sure","Other",681.737974537,10.3841097828207,3,5.986896,11549,0.0444676217165,2701,0.0611255736584,1577,0.0165930706198,285,281,552
"swimming","Verbs",583.537604167,0.510727196551399,6,5.863014,304,0.689728867434,162,0.316473277926,96,0.221225513829,635,548,560
"swing","Verbs",604.488287037,0.64406498916859,4,5.101266,819,0.571713869384,100,0.414856881412,116,0.308832404043,NA,NA,NA
"table","Nouns",548.583472222,2.8731040857275,5,6.946429,2864,0.1502639142,476,0.0718334109471,501,0.054492390341,582,604,599
"tail","Nouns",555.695092593,0.93217040870035,3,5.660256,377,0.933695765411,143,0.368722840593,202,0.107744273716,551,613,533
"take","Verbs",528.400543981,22.0784181274864,3,7.53863,18478,0.0344569087567,2899,0.0473798139541,2815,0.0294049400637,337,332,555
"taxi","Nouns",545.372118056,0.201562481475114,5,5.962963,201,0.675969007346,33,0.722168413747,38,0.60857965624,NA,NA,NA
"tea","Nouns",525.924803241,1.5387182079931,2,5.304688,1332,0.348411366786,134,0.197457422881,159,0.494787760514,599,609,572
"teddy","Nouns",581.457199074,0.632826857619137,4,5.864865,492,0.537750755494,79,0.209477027808,142,0.257666772762,NA,NA,NA
"teeth","Nouns",528.406481481,1.99188367127577,3,5.962025,1716,0.202593220809,262,0.23228726329,386,0.130549353981,611,618,593
"telephone","Nouns",557.735787037,1.56819065368126,7,4.699248,1019,0.6406360725,201,0.391955245742,343,0.448659333299,655,619,605
"ten","Closed class",494.446944444,5.73509832429034,3,6.706721,3350,0.129161180485,679,0.323609756111,681,0.0569312882487,NA,NA,NA
"thank","Other",557.426365741,8.79742633381089,4,3.886051,9913,0.0577518122252,1567,0.0299348316058,1579,0.0293866702008,NA,NA,NA
"that","Closed class",396.676701389,123.265900762097,3,6.731449,38055,0.0723180566331,2512,0.0838627805833,8593,0.0630170904311,225,232,611
"the","Closed class",579.352835648,417.675389651107,2,6.655045,320997,0.0218594469599,NA,NA,78007,0.0203568205855,209,237,625
"them","Closed class",593.612094907,21.0847316972271,3,8.076125,17234,0.0991019168727,2820,0.111938699368,3756,0.0423715911473,368,344,542
"then","Closed class",627.899016204,41.7324346469492,3,8.438612,40933,0.0149974982514,5262,0.0676226810684,6889,0.0166163544052,204,190,610
"there","Closed class",494.453020833,69.7778695538902,3,6.563084,47600,0.0404614561652,4664,0.0642605314692,9241,0.0172307344385,283,216,603
"these","Closed class",579.323275463,11.5857340407313,3,6.619453,11369,0.0461106271405,2036,0.0370253836634,2052,0.0151262685887,267,260,547
"thing","Nouns",581.827465278,25.2708741205213,3,8.462696,24034,0.0334618421375,3395,0.11082421116,3859,0.0351559833104,358,350,587
"think","Verbs",637.698032407,36.1051029343235,4,8.230737,36701,0.0242138052273,5430,0.0975266999761,5823,0.0328242277555,384,346,612
"thirsty","Adjectives",605.383148148,0.664353777351178,5,3.93578,635,0.291070988203,157,0.101511410128,126,0.304608028597,482,451,602
"this","Closed class",556.490011574,119.568516053878,3,5.703513,95015,0.0202112451427,7137,0.034680527723,18739,0.0203021833975,279,240,601
"thomas","Nouns",634.785648148,0.0876762253073785,5,8.666667,23,1.86045898528,7,0.760692647009,7,2.00492689433,NA,NA,NA
"three","Closed class",490.890092593,21.7135159460297,3,5.237743,10784,0.105907009247,1779,0.357806959444,3026,0.0935264987501,495,439,581
"through","Closed class",598.678356481,5.9936436092703,3,6.414218,5298,0.196355780595,922,0.326599538588,1327,0.0724563886524,320,274,587
"throw","Verbs",484.498275463,4.70122036609204,3,6.737778,3566,0.106068145783,601,0.114080598344,643,0.0711433427712,477,400,548
"thumb","Nouns",600.798425926,0.602931510246535,3,7.575342,319,0.762226596174,110,0.614572703849,130,0.209806844338,599,638,601
"thumper","Nouns",581.447523148,0.518143243197044,5,3.583333,496,0.366404841307,43,0.289659060652,80,1.03902047115,NA,NA,NA
"thursday","Nouns",598.685740741,0.880296445732319,5,6.892562,864,0.277673336591,173,0.210299577296,145,0.155660312981,NA,NA,NA
"tickle","Verbs",555.6978125,2.96910680905959,5,5.23301,886,0.387919374114,201,0.392226612323,628,0.318105010321,492,473,524
"tiger","Nouns",555.668877315,0.539500497715061,4,3.753425,214,0.713869595163,66,0.284056395167,90,0.285494830433,606,611,513
"tiny","Adjectives",605.733946759,1.55096888978925,4,7.212454,1335,0.352153875383,305,0.257061392814,382,0.0788983401137,NA,NA,NA
"tire","Nouns",595.765902778,0.128514194476516,3,6.222222,107,0.792510537181,NA,NA,25,0.462417452754,511,563,546
"tired","Adjectives",556.71494213,3.13476616114382,4,5.084691,2010,0.110063121046,660,0.0565186994193,440,0.113346576571,419,NA,630
"to","Closed class",578.471446759,178.196556756892,2,8.293431,163993,0.013143972157,8787,0.0175942267374,29616,0.0129479414845,220,199,613
"toe","Nouns",494.663888889,0.858597225528712,2,5.271605,546,0.369093160432,117,0.198218697914,143,0.194937930457,620,607,578
"together","Closed class",607.413090278,3.64818254867298,6,6.398374,3620,0.10717368868,806,0.0291808891636,676,0.0747578802894,426,NA,603
"tongue","Nouns",519.435868056,1.25744682559595,3,5.676259,510,0.415218580816,138,0.198987790111,205,0.225114375604,621,634,531
"too","Closed class",538.759016204,17.6784971103053,2,7.193476,13676,0.0319863940625,2609,0.0398419381091,2343,0.0251304332652,261,208,595
"took","Verbs",679.788680556,4.30070964022107,3,8.214968,5510,0.048676875026,1186,0.0722697318665,837,0.0417490830173,NA,NA,NA
"tooth","Nouns",498.421585648,0.15695036435085,3,5.3,62,1.08709808669,24,0.241358456399,13,0.625430281462,624,619,578
"toothbrush","Nouns",548.77494213,0.296401113780192,7,5.333333,167,0.721930150505,46,0.154564826797,42,0.474950982189,NA,NA,NA
"toothpaste","Nouns",572.585960648,0.114024034791592,7,5.733333,118,0.838353762815,17,0.225702995789,22,0.89823090136,NA,NA,NA
"top","Adjectives",676.39505787,2.82472474010134,3,8.542484,2771,0.0894229505065,771,0.0686590661121,569,0.0261093904688,486,435,571
"tot","Nouns",583.376388889,2.53530883201756,3,6.929155,3542,0.209715386409,502,0.0453944934695,504,0.0899756740946,NA,NA,NA
"touch","Verbs",534.488101852,2.77136892603306,3,5.787234,1988,0.111867446279,493,0.0551180959037,445,0.0510837317695,456,417,590
"towel","Nouns",498.76462963,0.670078392031245,4,7.191176,672,0.460932486204,96,0.156913422465,86,0.244173543209,570,NA,570
"tower","Nouns",572.360138889,0.236370814974258,3,5.424242,400,0.580216315396,32,0.237766429936,45,0.699612787744,596,585,463
"town","Nouns",518.417905093,2.84844742576991,3,5.445205,2053,0.500471708365,244,0.886361921846,566,0.179983677713,553,556,589
"toy","Nouns",576.721956019,2.67922678579449,2,6.821918,2761,0.114632527463,512,0.0881918480276,473,0.0481264508977,569,567,550
"track","Nouns",526.463842593,0.986728511023162,4,6.29,601,0.291022159932,127,0.305480004393,135,0.055271503606,499,547,514
"tractor","Nouns",533.74693287,0.514675277376734,6,4.881356,203,0.791319656415,47,0.404999023565,76,0.578423283844,585,590,518
"train","Nouns",494.823564815,4.47689135655279,4,5.771318,2126,0.343771132095,249,0.406622229036,746,0.147448202164,593,592,548
"trash","Nouns",575.439039352,0.125049993813736,4,4.133333,92,1.22182470368,35,0.102153312087,26,0.51514228332,599,588,541
"tree","Nouns",499.434039352,3.96548152640668,3,5.921053,2120,0.302441051017,305,0.359588591247,639,0.128763636373,622,604,613
"triangle","Adjectives",572.390625,2.00079745316006,8,3.307018,1198,0.293577378186,238,0.57564820819,382,0.146203562465,597,523,512
"trisha","Nouns",556.840636574,0.524378756320876,5,6.290909,670,0.236237540577,88,0.141958319898,80,0.231570723836,NA,NA,NA
"trouble","Nouns",559.497013889,1.20085021246781,6,7.308176,1088,0.153997503542,277,0.0420507445004,206,0.051061459194,395,310,590
"truck","Nouns",478.73400463,13.022251741117,4,4.965571,6926,0.254719010212,617,0.305508154452,2118,0.0307233403283,621,595,620
"true","Adjectives",595.725798611,1.0962866976323,3,5.15,667,0.309688512788,268,0.14140761889,136,0.075814167182,365,269,605
"trunk","Nouns",532.564641204,0.197407473384362,5,5.666667,91,0.926338284132,31,0.235602140632,25,0.551739913017,529,596,485
"try","Closed class",619.543449074,13.8847812961327,3,6.525655,14214,0.0417429388653,3338,0.0404749329316,2433,0.0307134763063,318,260,636
"tummy","Nouns",536.6428125,0.467374774345498,4,4.269231,283,0.571880496084,68,0.32480116966,94,0.327957762314,NA,NA,NA
"tunnel","Nouns",562.346458333,0.215036328277407,5,6.588235,99,1.9373151749,26,0.286259953521,32,0.755017299832,578,555,541
"turn","Other",534.695324074,9.97648700540687,3,4.75519,10100,0.291044211085,1384,0.15718686191,2080,0.0912758616577,384,359,583
"turtle","Nouns",547.416446759,1.80054805692434,5,4.911111,939,0.609372047389,140,0.460888063949,421,0.135295197432,564,644,509
"tweet","Nouns",572.378530093,0.264882054085061,4,6.111111,96,1.26051561429,17,0.713365546666,69,0.893752721981,NA,NA,NA
"tweety","Nouns",563.724837963,0.0167856315070715,NA,1.5,16,3.5669927992,5,0.926213088809,5,1.43417781182,NA,NA,NA
"twinkle","Other",570.528032407,1.213734373459,7,3.428571,693,0.643600097241,117,0.756719415264,345,0.37693048456,NA,NA,NA
"two","Closed class",483.767777778,22.7135288442544,2,6.026253,11937,0.0926197027101,1961,0.187784213673,2902,0.0477610874407,445,383,596
"under","Closed class",595.864548611,2.51659714110934,4,6.760814,2241,0.170330542198,500,0.0988501379579,476,0.0412897366152,426,319,544
"up","Adjectives",412.445625,49.0727478900826,2,6.648392,16004,0.081511921031,1962,0.113496107704,3893,0.0421028558592,391,400,608
"vaseline","Nouns",600.463877315,0.566291468605614,7,5.36,423,0.749522661209,79,0.260574093732,77,0.414352271613,NA,NA,NA
"vegetable","Nouns",650.362638889,0.869667439697264,8,6.69697,1057,0.232997638095,199,0.172633187119,160,0.111442315214,598,602,591
"very","Adjectives",634.860104167,15.0367502173958,4,6.140163,13767,0.0360983025213,2847,0.043059128534,2660,0.0131324830611,243,223,606
"volvo","Nouns",610.307777778,0.0108506243885335,5,1,NA,NA,NA,NA,1,2.57702677977,NA,NA,NA
"wait","Verbs",573.425474537,12.6822134703186,3,5.475352,6286,0.0572831345679,1674,0.0471402098854,1734,0.0468946617891,357,317,577
"walrus","Nouns",640.782233796,0.119418492695222,6,6.904762,92,1.16712841831,15,1.05049195586,40,1.18327195022,590,629,506
"want","Verbs",617.752164352,122.239870717596,4,6.101505,127558,0.0142227536727,9628,0.0214594009445,20718,0.0153665904161,361,302,606
"was","Closed class",555.74224537,57.2585111178358,3,8.088518,42713,0.0349158536271,4179,0.107807778531,7822,0.0449126532453,264,194,604
"wash","Verbs",556.744756944,2.45939346163047,3,6.656604,3429,0.270817919587,664,0.175476127793,408,0.100827941426,522,447,632
"washer","Nouns",604.477268519,0.0588878992734946,4,7.888889,66,0.990254604837,16,0.193041505217,11,0.986345349998,NA,NA,NA
"watch","Verbs",576.730011574,5.39044525602011,3,6.5,5693,0.0798365219448,1052,0.0393218388578,897,0.0592607327702,525,487,576
"water","Nouns",542.313344907,21.8347887737633,4,5.333905,17529,0.08741532669,2014,0.0805603059252,3215,0.0237214597473,632,616,641
"watermelon","Nouns",570.648344907,0.479559192726568,9,4.636364,240,0.783578460431,59,0.320031693047,82,0.298977398355,NA,NA,NA
"way","Nouns",616.685902778,12.3637890459091,2,7.826322,11860,0.0298931580903,2465,0.0393888373205,2208,0.0209573157734,315,265,567
"we","Closed class",550.430104167,85.2588080555302,2,7.510541,75992,0.0204692944124,5901,0.0330799769378,13221,0.018311538507,389,270,614
"wednesday","Nouns",606.65193287,0.830026661670512,6,5.423423,589,0.301336773628,158,0.155046168985,130,0.116770531985,NA,NA,NA
"weird","Adjectives",601.558263889,2.52868392401989,4,5.817337,2116,0.12941204541,580,0.0943159411539,389,0.147783501291,466,253,539
"welcome","Other",559.752060185,0.676472907901176,6,4.84127,361,0.34709958684,138,0.227164425545,99,0.120236617467,470,350,529
"well","Adjectives",598.399814815,13.4335048791752,3,7.529336,12524,0.0417590566757,2347,0.140354137335,1880,0.0556409848154,522,467,550
"wet","Adjectives",569.772962963,2.18288079052797,3,6.847826,2181,0.230380492141,348,0.164380316188,407,0.0650581033455,509,478,585
"what","Nouns",548.567384259,210.120730200707,3,5.066235,139893,0.0198490167097,8224,0.0542000704645,28452,0.0232336810206,249,293,608
"wheel","Nouns",520.416458333,4.94575020693678,3,7.868673,3311,0.491321744634,296,0.652624685715,967,0.224284867357,576,573,566
"when","Nouns",559.475520833,23.6823725122223,3,8.896413,19237,0.0352827808696,3132,0.0796661076607,3380,0.0329834817768,231,219,609
"where","Nouns",520.872083333,89.4406489907791,3,4.808511,62317,0.0411911208614,4923,0.205004385279,15262,0.0544938370504,255,256,608
"which","Nouns",570.818622685,11.2242813087469,3,5.645054,8450,0.0520161551998,1736,0.0301148603628,1502,0.0331958750102,257,215,555
"whistle","Nouns",617.499143519,0.0212482386029395,5,4,NA,NA,24,0.339148109235,1,2.79683154918,574,579,505
"white","Adjectives",528.748738426,2.60458762807442,3,6.482085,1562,0.188669439906,349,0.183410692,418,0.132158535941,566,472,590
"who","Nouns",620.4315625,26.7680343520891,2,5.018738,25901,0.0406868984608,3811,0.0641207417859,5284,0.00576599710625,261,234,599
"whoa","Nouns",478.542685185,3.05085048118152,2,3.120879,1431,0.257865691266,403,0.128915139902,335,0.0816395091454,NA,NA,NA
"why","Nouns",532.611261574,20.3387170802486,2,7.001994,14574,0.029797003738,2897,0.0338484653107,2656,0.0156967503092,251,267,589
"wild","Adjectives",576.841898148,0.321219688906957,4,4.424242,230,0.689601254219,56,0.124499267603,42,0.424016688729,500,381,572
"will","Closed class",652.336840278,19.6216639400096,3,8.283721,20177,0.0304362088399,3474,0.0868617521818,3828,0.0324695513494,322,275,584
"windmill","Nouns",662.559409722,0.0688983485706423,7,3.666667,NA,NA,5,0.496072448124,3,1.94646736706,NA,NA,368
"window","Nouns",560.55,1.33646322378717,5,7.372414,972,0.297349560439,340,0.341769007632,194,0.118375018103,602,609,621
"windy","Nouns",592.709259259,0.179350451509908,5,5.37037,112,1.17807210862,39,0.0753216479641,34,0.33336847499,NA,NA,NA
"wipe","Verbs",575.429155093,1.24650680548334,3,5.686391,1291,0.292239485894,270,0.12256192483,239,0.110345248789,NA,NA,NA
"with","Closed class",662.382928241,56.2246015738262,3,7.895614,68140,0.0101995128172,7927,0.0192256837053,11865,0.0038402840997,287,268,608
"wonder","Verbs",593.462939815,1.81212841751762,5,7.114695,1850,0.16839191264,686,0.132394192937,413,0.096214123181,402,305,530
"woof","Nouns",502.465127315,3.60473074788619,3,4.632,598,0.414756445166,145,0.616440299658,610,0.113786159564,NA,NA,NA
"wool","Nouns",574.472997685,3.09175285069445,3,4.498403,2336,0.307845199604,365,1.18638503858,691,0.293583927188,586,608,540
"work","Verbs",563.414525463,8.47319877019549,3,7.249031,7648,0.0552974611608,1393,0.0725677761631,1394,0.0416379182249,458,402,603
"wormy","Nouns",581.36931713,0.316503603239017,NA,4.608696,342,0.595753866741,37,0.410704847931,62,0.368627865117,NA,NA,NA
"wow","Nouns",430.74349537,12.5369353288472,2,3.118363,4595,0.165552266409,1135,0.109282816019,1284,0.0810498645775,NA,NA,NA
"wrong","Adjectives",652.420011574,6.31189691356836,3,5.468817,4390,0.0686913868654,1479,0.0308577640655,703,0.0333178374664,344,303,600
"yellow","Adjectives",476.319618056,4.7763221733602,4,5.211845,1933,0.309455819963,386,0.527432869492,672,0.111902475595,598,537,555
"yes","Other",343.825451389,121.577199031442,3,3.364772,14288,0.0799256833308,1515,0.0837074517309,3208,0.11558674937,NA,NA,NA
"yogurt","Nouns",542.568356481,4.89233980284683,5,5.666667,5609,0.104688188922,599,0.152115243704,797,0.127042566665,NA,NA,NA
"you","Closed class",524.452615741,467.573660562361,2,6.259618,356708,0.0160851394774,8041,0.0337099195658,66973,0.0188505912953,400,370,632
"your","Closed class",621.848460648,77.8306429948573,3,6.223169,92546,0.0200965037817,8410,0.029046711362,16219,0.008229239446,289,256,581
"yuck","Adjectives",508.62130787,3.52608177719814,3,2.923333,2296,0.386017232005,307,0.352495716843,688,0.291647813227,NA,NA,NA
"yum","Nouns",521.440949074,13.3323432080973,3,3.375697,5993,0.231003070458,798,0.297509719253,2564,0.14910942518,NA,NA,NA
"zipper","Nouns",564.443969907,0.866513038786103,4,3.021277,296,0.682698801842,61,0.493802104353,180,0.516307848494,632,599,556
"zoo","Nouns",498.766122685,0.788958050400333,2,8.397959,502,1.12062309154,44,0.748489290664,129,0.96685783679,613,583,565
"zoom","Nouns",479.671527778,0.271542000019869,3,4.75,254,0.447789700003,30,0.299122001331,60,0.71838060279,NA,NA,NA
